Actual,Predicted,HA
0.04201749,0.012068617,0.04201748967170715
0.004696713,0.007707658,0.04201748967170715
0.009940459,0.006782667,0.023357101250439882
0.057986554,0.005367957,0.0188848872979482
-0.023575839,0.008936767,0.02866030391305685
0.07847632,0.010005593,0.018213075399398804
0.02978141,0.0058908765,0.02825694903731346
0.048866138,0.013497202,0.02847472924206938
-0.05002833,0.0037809366,0.031023655319586396
0.06567565,0.009745072,0.022017878997657035
0.01701832,0.0025582719,0.026383656449615954
-0.009403484,0.0031217525,0.025532262230461292
-0.015126296,0.0033744085,0.022620950049410265
0.09722927,0.012864459,0.019717315713373516
0.03124472,0.007562029,0.02525388402864337
0.010057021,0.002925539,0.025653273053467273
-0.038128007,0.0025554737,0.02467850729590282
0.0069739306,0.0071442104,0.020984006443006152
0.06467869,0.008969832,0.020205668898092374
0.018967696,0.0028010923,0.022546354289117613
0.011048741,0.003125374,0.022367421351373196
0.11189425,0.0013170837,0.021828436558800086
0.0024178755,0.0033771193,0.02592233716594902
0.053386346,0.0020719576,0.024900404048030792
-0.00827613,0.0011094793,0.026087318275434274
-0.0034435468,0.0015300316,0.024712780341506004
0.015976928,0.0037477177,0.023629844681216546
-0.045749754,3.336315e-05,0.023346403329115775
0.102030605,0.0012408419,0.02087868343473279
0.043613162,-0.0005675597,0.02367702556035385
0.08734107,0.000384231,0.02434156343806535
-0.05627528,-0.00087860046,0.026373805590875207
-0.20947309,-0.0010316322,0.023791021718352567
-0.13853236,-0.008970958,0.01672241232132144
0.023678776,-0.005732521,0.012156095622819574
0.05422662,0.0014726945,0.012485315058646458
0.024307711,-0.0023184116,0.013644795703132533
0.066856995,-0.0018132684,0.013932982604396908
-0.017531963,-0.0015188052,0.015325719778622059
-0.013310425,-0.0012558677,0.014483215090317221
-0.17186771,0.0029859538,0.013788374088471755
0.035283197,-0.0005236767,0.00926017683430961
0.009208964,0.0035872962,0.00987977254581416
-0.13277522,-0.0001883978,0.009864172351351657
-0.08958721,0.004345939,0.006622368041214279
-0.020837031,0.0049238713,0.004484377382323146
-0.07546251,0.0053433636,0.00393391197608055
0.05642639,0.006119891,0.002244626345271443
0.10370763,0.0050398824,0.0033734131090265387
-0.07183148,0.0022506914,0.0054210501162297265
-0.098867886,0.0034343966,0.0038759995205327868
-0.14891693,0.008477582,0.0018614135344750156
0.1358055,0.013455603,-0.0010381699942697126
-0.07926946,0.007813206,0.0015437860911676907
0.0071500717,0.008308737,4.72444721877023e-05
-0.33921918,0.01424469,0.00017638678493147548
0.073638,0.012734517,-0.005884248384973034
-0.107371636,0.008878283,-0.004489121227443479
-0.14968826,0.018732358,-0.006262957684470919
-0.020178247,0.018814633,-0.008693894990956632
0.04989653,0.019200468,-0.008885300861826788
-0.12889285,0.010324884,-0.007921664277091622
-0.23138931,0.019394161,-0.009872812496107672
-0.2652212,0.028987803,-0.013388947439601733
0.0021663506,0.034696177,-0.017323826516076224
0.33042663,0.0319784,-0.017023977637290955
0.33758557,0.03010714,-0.01175957444039258
-0.030274743,0.020333987,-0.006545467830415982
-0.15353273,0.016874274,-0.006894427762531182
-0.0538434,0.027625743,-0.009019620527607807
0.059548963,0.027339002,-0.009659960253962449
0.013743737,0.030044878,-0.008685186688958759
-0.1980145,0.024441225,-0.00837367386298461
0.038202584,0.014802097,-0.010971493368381506
0.34624186,0.013846626,-0.010306978812189522
0.16011545,0.026248835,-0.005552994273602963
0.12843294,0.023780597,-0.003373146314468039
-0.088747084,0.013593534,-0.0016613789023710536
0.1160441,0.0056990124,-0.002777862302863445
-0.12591986,0.007849853,-0.0012737868730969067
-0.09519221,0.02219904,-0.002831862831953913
0.10295286,0.008700471,-0.003972114017808143
0.026140055,0.007981007,-0.0026681509164230128
0.10868133,0.023262288,-0.002321064101913607
-0.033891212,0.016407924,-0.000999607046001724
0.0051457062,0.021620555,-0.001386567106580033
-0.026020478,0.02270986,-0.001310610439801632
-0.081852496,0.030100418,-0.0015946319112661242
0.023694653,0.011674832,-0.002506653090346266
-0.12776293,0.0071250154,-0.002212256391982684
0.056894515,0.014444206,-0.0036072638610170947
-0.0003200192,0.008360104,-0.002942409151448653
-0.03330524,0.004922684,-0.002913904912850779
0.08245648,0.018498318,-0.003240693450695084
-0.0007802263,0.004197887,-0.0023290214247684527
-0.04339379,0.019975472,-0.0023127183183341434
-0.03763573,0.01654136,-0.002740646155871218
-0.032155152,0.020932669,-0.0031003892750565694
0.09201417,0.020924171,-0.0033968664499056736
0.037330657,0.008062425,-0.0024331185950267347
0.06805386,0.022850139,-0.0020354808366391808
0.080382615,0.019574808,-0.001341527001701738
0.026123153,0.019546542,-0.0005403099200396123
0.025109557,0.015857596,-0.0002814413475559898
0.06923948,0.016177505,-3.729712849375434e-05
0.050536085,0.016228406,0.0006224817230499216
0.03891496,0.01599279,0.0010933647720793368
0.069267474,0.012759307,0.0014468376235340103
0.022111494,0.0143011445,0.0020748064799355
0.023645828,0.012758055,0.002258629302084104
-0.08096545,0.01145191,0.0024530583770353007
0.05154771,0.022371685,0.0017015402664656977
0.031821806,0.020440247,0.0021465953520549063
0.07056849,0.01436037,0.002409207835521516
0.013921246,0.010222804,0.003007096249667372
0.004608441,0.009843139,0.0031020018990839953
0.07341065,0.010936059,0.0031149884443007537
0.010413498,0.013384167,0.0037158060864680726
-0.0039373483,0.013770539,0.0037725661847724627
0.03599436,0.02259697,0.0037077769877764733
0.018211326,0.013795405,0.003976831832551398
-0.0037161545,0.009374656,0.00409447227716292
-0.08418837,0.011559223,0.004030450746287271
-0.006016262,0.0065413676,0.003313224545937425
-0.055901136,0.0045811455,0.003237986752215112
0.094091624,0.016321046,0.0027648737682029606
-0.052836128,0.00048224526,0.00348968924640397
-0.15056948,0.002552838,0.0030461788776983308
-0.10878723,0.012020089,0.001846056514295924
-0.08825554,0.005467105,0.0009884341293223953
-0.047113407,0.015533219,0.0003019420242008682
0.0120866615,0.020666642,-6.0007208069601584e-05
0.06368816,0.01425688,3.2013009662147276e-05
-0.29317713,0.006098685,0.000510630648604181
0.13346763,0.01720869,-0.0016810690415953633
-0.04089074,0.019803252,-0.0006799675705325272
0.22595559,0.017697768,-0.0009756350028670995
0.07207877,0.01686032,0.0006807973008453302
-0.026141306,0.025101008,0.0011981739282972462
0.016788285,0.025989706,0.0010014870195656264
0.07579763,0.024769476,0.0011142498638946562
-0.026659599,0.018010065,0.0016439192431338184
0.04443523,0.020896565,0.0014445986951255358
-0.07311923,0.017169526,0.0017452324745473224
0.038637795,0.023944855,0.0012253403700823481
-0.1449177,0.022510853,0.0014833572954902874
-0.006531938,0.011017775,0.00048061035021705785
0.067247346,0.012163548,0.0004329059398131204
-0.06390279,0.0052134614,0.0008843548594332124
0.10543951,0.016550828,0.0004495418210195115
-0.06993975,0.0077428133,0.0011494749186870953
0.16660547,0.007586252,0.0006786853665584661
-0.017134259,0.013466354,0.0017703089665462215
-0.04137423,0.019390382,0.0016467497019048512
0.027790248,0.036766846,0.0013673926980307253
-0.036591373,0.027009929,0.0015378627347789945
0.013054419,0.034708817,0.0012934445545304185
0.013468886,0.02017842,0.0013683552217557077
-0.0044900654,0.009397667,0.001444940858290684
-0.26328868,0.01031082,0.0014076137749782804
0.079971924,0.010482855,-0.00024673804073245266
0.03255431,0.017988693,0.0002515145211613604
0.034707148,0.012225713,0.000450914492112021
0.014219849,0.0069710854,0.0006610754315964192
0.040633176,0.010509759,0.0007437508824429043
-0.02987175,0.016182566,0.0009855049711680322
0.0029257159,0.028077627,0.0007996178892755275
-0.046630498,0.028338838,0.0008123490149378331
-0.0046412167,0.01269322,0.0005299511159093873
0.008930897,0.019222895,0.0004993524896972896
-0.06426525,0.01528286,0.000548949812347179
0.013193904,0.01631052,0.0001699193973061547
0.057183415,0.017022278,0.0002456402404742792
0.05553877,0.012593661,0.0005747603240417521
-0.0014105715,0.022450645,0.0008906454360380169
-0.007477139,0.033847168,0.0008774956249232803
-0.06688103,0.035079077,0.0008300261093113063
-0.025235761,0.028028563,0.0004474777652024381
-0.03961439,0.020162715,0.00030318990721252194
0.021935431,0.018127237,8.01866642568864e-05
-0.018007599,0.01841769,0.00020160468993708492
-0.066314586,0.021996861,0.00010100135564268952
-0.03883043,0.021570843,-0.00026391945129444636
0.06787636,0.02105213,-0.00047466540683691944
0.022967251,0.012396801,-0.00010319243554714258
0.03519612,0.012607367,2.151266420008363e-05
0.014933426,0.010275052,0.00021062346590903177
0.031634662,0.019407226,0.00028935502990482643
0.06536605,0.024459062,0.0004560853877263342
-0.0046996195,0.020270122,0.0007995243649929762
0.055645503,0.02070522,0.0007705815026144449
0.06962714,0.018691756,0.0010578847570705632
0.056552857,0.01750723,0.0014150163127245226
0.057402756,0.018264923,0.0017007046072729356
0.0032836164,0.017471874,0.001987828583859829
0.051058337,0.012296439,0.001994473649523197
0.021158164,0.013441514,0.0022447994834154236
-0.05485118,0.014709303,0.0023408064117588973
0.015799746,0.024174895,0.002051957986421055
0.026828712,0.025597617,0.00212104234788286
-0.012018348,0.018385513,0.0022445806954056024
-0.06970362,0.007132345,0.0021736208507003476
0.06764837,0.012883491,0.0018177929076154044
0.018148815,0.0069271317,0.00214208148217994
0.0061591403,0.019354999,0.002220545863440516
0.020786162,0.012655098,0.002239758519046917
-0.012707879,0.014772658,0.00232978960616713
0.047384836,0.02113381,0.002257143864903041
0.052833147,0.011956426,0.0024741039221855598
-0.019961992,0.013913279,0.002715056283069712
0.014293048,0.016528035,0.0026070703375374988
-0.0009901932,0.019687602,0.0026624541160301858
0.002237048,0.017817268,0.0026452246474602944
0.016881593,0.022524312,0.002643308325172205
0.04350638,0.007946273,0.0027098423637075472
0.011629771,0.014217709,0.0028995937023441804
0.066863246,0.011201968,0.0029400111918760187
-0.042783942,0.013486103,0.0032345883120151776
0.08645467,0.015617002,0.0030234941359344493
0.019541888,0.012223772,0.003404458396277097
0.0020772172,0.01187404,0.003477810347050598
-0.021975351,0.011451575,0.003471472821560819
0.057827435,0.0150738545,0.003356847486790135
0.045017518,0.011658675,0.0036011102130102
0.030054647,0.011641429,0.00378600489109106
0.043669082,0.011046718,0.0039027544136883484
0.010868537,0.010161728,0.004078711616390476
0.0668913,0.009639414,0.004108622742484484
-0.06769054,0.0053088507,0.004383985351938591
0.047651764,0.014526166,0.004069249449179846
0.034825847,0.016815884,0.00425873864290264
0.028083399,0.0037834735,0.004391063785369939
-0.036227696,0.004824864,0.004493185919649289
-0.028030928,0.005761583,0.0043184181876168804
-0.071645595,0.008696432,0.004180173117480376
-0.1102376,-0.008845224,0.0038575102738600143
-0.00595592,0.00174564,0.003374056423465737
-0.0041071936,0.0057994467,0.0033346894339615096
0.045457043,0.005664137,0.003303421018038634
0.021471322,0.0019561988,0.003479796004380298
-0.008644676,0.00094267627,0.0035547606942903562
-0.015423745,0.006781491,0.003504140625700076
-0.040663723,0.015626952,0.003425926222631415
-0.0012904453,0.008209765,0.003244487337342659
0.052283008,0.00974776,0.0032259015477125027
0.038507212,0.0062891855,0.0034261346338506863
-0.02365047,0.014057748,0.0035687406392147145
-0.010279587,0.008684251,0.0034585414088598872
0.019771272,0.014672362,0.0034031457316520955
-0.01838708,0.0027988933,0.003468881179784316
0.029715978,0.01434509,0.0033814573381096124
-0.039270274,0.0055476343,0.0034863757455639867
-0.04176136,0.0071641635,0.0033167064991883105
0.07759373,0.012062355,0.0031385323191024804
0.029455006,0.004827653,0.0034316630143026903
0.079867445,0.019142406,0.003533715340217539
0.006841055,0.0045750975,0.003831893971437239
-0.054616876,0.009103951,0.0038436027696711313
0.014620811,0.017721817,0.0036170117668951896
-0.028291347,0.01634726,0.0036594974772436507
0.06729611,0.02249587,0.0035366096157723893
-0.1039066,0.007208292,0.0037808988896337733
0.03491896,0.017052652,0.003369877895141262
0.002276495,0.010195989,0.003489836382931063
-0.03315086,0.0034998637,0.0034852403932194593
0.03251584,0.015976943,0.0033469909608785835
-0.019866366,0.011608526,0.0034566482833649657
-0.030761043,0.00818202,0.0033692961701711687
0.00073898764,0.015536411,0.003241944159798102
0.05984157,0.017867954,0.003232639488724292
0.020666182,0.009447307,0.003442302192518212
0.02615121,0.026971603,0.0035058589447272523
0.028445592,0.017776253,0.003589113912098315
0.019628258,0.015109815,0.0036801632829334572
0.04892338,0.019817553,0.003738368009718434
0.018608872,0.011214718,0.003902677146675573
0.018510798,0.01872866,0.0039559604608086
0.0072570485,0.017359653,0.004008505000633655
0.0438687,0.01523236,0.004020190408927381
0.044933822,0.012741854,0.004163016601654243
-0.056744795,0.014282693,0.004308626620955432
0.01583795,0.020424418,0.004091354656850197
0.045941334,0.021778718,0.004133009252506672
0.05676928,0.010664821,0.0042807418495571315
0.00406764,0.010638477,0.004465560651585971
0.020982867,0.012971578,0.004464164438142785
0.05284887,0.014786339,0.00452192213978143
0.061978687,0.01271274,0.004690308723954049
0.013146008,0.008922991,0.004889226702693527
-0.018634079,0.007506792,0.004917796881455335
0.04684279,0.014924071,0.004836583516263435
-0.031737745,0.011860041,0.004980934745211257
-0.027389264,0.014900719,0.004855185842631091
0.06733749,0.011510432,0.004745136526669138
0.04770051,0.01509543,0.004958035690245871
0.0015667337,0.013940792,0.005102925431733098
-0.014608787,0.014078449,0.005090978838042419
0.009726901,0.017219692,0.005024649658881642
0.03986979,0.019002043,0.005040429024480521
0.01641468,0.0081582405,0.005156915178358941
-0.027062869,0.010993638,0.0051944410597207025
0.050263498,0.019934025,0.005087273917663718
-0.04340165,0.014877465,0.005236864063560358
0.031945318,0.011912187,0.005076340911256782
0.045422204,0.01752951,0.005164725704258001
0.017450446,0.011583681,0.005296717435846746
-0.0071850116,0.009483533,0.0053364355039091935
-0.019754501,0.009253194,0.005295649031139243
-0.0012787726,0.019846022,0.0052143173750003125
0.058170926,0.020023497,0.005193304138832264
0.036508206,0.011481626,0.005364199692661303
-0.007828084,0.009505612,0.00546434119293598
-0.009167291,0.010575908,0.005421737266610412
-0.023941197,0.019976929,0.005375126951943916
-0.027434189,0.022704678,0.005281762864513346
0.005774033,0.0025580463,0.005177902700268619
-0.016071353,0.005055858,0.005179789187895028
0.024171464,0.011162938,0.005112750884123464
-0.05289744,0.002777713,0.005172683944692835
0.00048904883,0.008074365,0.0049906459435905244
0.048190944,0.010995794,0.00497657845262438
0.022182968,0.008567432,0.005111202644039166
0.0009088594,0.0063482714,0.005164220547361403
0.050809305,0.018201469,0.005151046054717442
0.011737853,0.014620684,0.005291966607515344
0.029373478,0.015294659,0.00531180010499576
0.046427358,0.013668802,0.005385608933337512
0.04099063,0.011904536,0.00551111886914341
0.0019670795,0.014722459,0.005619288105219489
0.05644192,0.011705514,0.005608187167123979
-0.026730921,0.012753396,0.005762228787044119
0.078773305,0.01504517,0.005664062171012411
-0.018931191,0.012389132,0.005884270733208339
0.090757556,0.016345156,0.00580974982585758
0.052267734,0.012479918,0.0060640845756593
0.01711882,0.009983618,0.006202005917109104
0.012639606,0.009794061,0.006234496437952787
-0.0031421077,0.00969315,0.00625350269888326
0.038067356,0.018551879,0.006225705034851741
0.0054099155,0.008728247,0.006319633208058642
0.076765,0.0106412275,0.006316957567640416
0.055049967,0.009178459,0.006523550069847218
-0.0016497116,0.0069479933,0.006665440177890793
0.009628022,0.004941978,0.0066411977527940065
-0.032542583,0.0045181233,0.0066498803816800725
0.0823865,0.014251328,0.006536279039700394
-0.0020086046,0.0049836854,0.006755499334769011
-0.037487738,0.007521376,0.006730242551140681
0.038368378,0.01695706,0.0066031793891131105
0.06606881,0.014630548,0.0066941971497017794
-0.002139081,0.0049489727,0.006863838909859104
-0.062083542,0.0049720965,0.0068381895653457725
0.035874728,0.0011244126,0.0066423891905949195
0.04815314,0.011413048,0.0067252003490165
-0.035537224,0.0029486723,0.006842228426140243
-0.046716843,0.0003774533,0.006722849686170968
0.004799802,0.0022719575,0.0065727381904222325
-0.0044187256,0.003147906,0.006567771982203345
0.033639375,0.003181006,0.00653708344143321
-0.04346915,-0.00045637516,0.006612577290121144
-0.027932122,0.008451468,0.006473461382039305
0.021153372,0.0063229334,0.006378155055912495
0.043192126,0.00484589,0.0064189705717279605
0.035501935,0.0019203186,0.006520274029813768
-0.003306878,0.003199855,0.00659989397640207
0.007305651,0.0032513048,0.006572752135282714
-0.053236727,0.0026809422,0.006574754591120275
-0.062119503,0.011055123,0.006411780527734505
-0.042200614,0.0058094137,0.006225554214957494
0.020527711,0.0042052995,0.0060943179873643605
-0.040934186,0.009399013,0.006133327158042104
0.042117245,0.014441224,0.006006460544600521
-0.01700658,0.006076564,0.006103532547156216
0.03131631,0.0040280535,0.006041575141435854
0.032061182,0.00039100033,0.006109154646852636
0.020286437,0.0062586595,0.00617836005302767
0.02651577,0.013279673,0.0062158815345994415
0.04272122,0.012095294,0.006269727394464043
0.017140163,0.009736256,0.006366159912893578
0.049189925,0.0043337834,0.006394587361959047
0.025103942,0.008317806,0.006507206672042804
0.026419716,0.006813111,0.0065560169998321715
0.051597413,0.006261195,0.0066080162117589285
0.0041124662,0.0030060483,0.006725481998870835
0.00458979,0.005092229,0.006718677270328044
0.0014462039,0.005580341,0.006713147693035471
0.037071206,0.0060770805,0.006699502760957
0.02135713,0.003216407,0.006777982613449623
-0.0029278502,0.0024891929,0.006815557736248143
0.031421337,0.0047938735,0.0067905104149894304
-0.013638721,0.0026214004,0.006853666381301501
-0.04603819,0.0015486252,0.00680125618378496
0.009396449,0.0016974787,0.006666461673710134
0.015325629,0.001437839,0.0066734082056636
0.026602888,0.0017166092,0.006695368157304956
-0.07588966,0.0019282593,0.0067457669429315985
0.01052944,0.0026682215,0.00653709161755008
-0.015545474,0.004545304,0.00654714791044377
-0.019735066,0.007499871,0.0064916388092482995
0.031062579,0.0038835257,0.00642590771894902
0.018869417,-0.0015883535,0.006487499396607746
-0.025614576,0.0018325931,0.006518376996088076
0.029685814,0.011158193,0.006438444276161918
-0.06220256,0.0014643745,0.006496130056949633
-0.002679305,0.00467733,0.006326083790356441
0.04285226,0.0062649734,0.006303848262680809
0.046385635,0.00036881716,0.006393868981670185
0.060737375,0.0057421452,0.006492128848276703
0.030414091,0.0063343425,0.006625082883378947
0.027528515,0.00629667,0.006683246718439522
0.0025317227,0.004393797,0.006734088836408152
0.02157842,0.0037085118,0.006723864101170316
-0.02883048,0.004963748,0.006759918848384913
0.031243332,0.01202913,0.006673743548920292
0.022630781,0.0046026385,0.006733090380276441
-0.020245505,0.0028307303,0.0067713980683608045
0.026091693,0.014774957,0.006706453588636718
0.04233876,0.003985025,0.006752940973242392
0.0031901135,0.0039291503,0.006838074508490727
-0.039973967,0.0035110533,0.0068293681575501055
0.017983766,0.011933974,0.0067179316458004035
-0.0058453945,0.0100598065,0.00674469134800198
-0.06572618,0.0036062773,0.006714857021463655
-0.08541616,0.004402734,0.0065436016068624306
-0.08650726,0.0023658786,0.006326715375421973
0.061164573,0.003519588,0.006108282490304726
0.018742181,0.0029494644,0.006237522608484688
-0.052349318,-0.0005098945,0.006266807523595313
0.006177864,0.0054818993,0.006129853959711024
0.10030336,0.0041184756,0.006129965871314156
0.013412641,0.0010665794,0.006348973763077845
0.046845123,0.008030884,0.006365362783027445
-0.026984263,0.0059156124,0.006459065932075545
0.033629473,0.010275644,0.006381829606108884
0.0456067,0.0053848056,0.006444612195262522
0.016982166,0.0030943279,0.006534639980654693
-0.02118247,0.0048806956,0.006558602196516879
-0.004119017,0.013089611,0.006495121482054296
0.049393117,0.011943233,0.006470888288804334
-0.012951338,0.0029626116,0.0065686610203283015
0.0315408,0.0046018246,0.006524297386799431
-0.0073959134,0.003874541,0.0065810241498361404
0.02303961,0.0020642425,0.006549402119273666
0.024125803,0.0040159523,0.0065866260630084925
0.013881274,0.0029412045,0.006626128714357561
0.014486621,0.0031561395,0.006642432410657154
0.0030757156,0.003227047,0.006660020277749814
0.013784307,0.0030776032,0.006652001699097288
0.015321875,0.0030460444,0.006667922023552819
0.01573792,0.0030161282,0.006687195860896932
-0.014683548,0.0025575005,0.006707308579288009
0.027150989,0.0023124916,0.006659878741282797
0.005915853,0.004689208,0.006705213055082605
-0.0012970817,0.002476404,0.006703470538834945
0.0023205678,0.0033595345,0.006685848177066031
0.031103302,0.0059750597,0.006676254154356954
0.000946899,0.0029682107,0.006729822241284542
-0.015280663,0.0029887275,0.006717168142294605
0.03139709,0.010526245,0.006669137943215774
-0.0062200823,0.0024171285,0.006723011475718886
-0.05110967,0.00135956,0.006694874315365703
0.010892134,0.00094709446,0.006569484844849265
0.024091855,0.001535532,0.006578841228647867
0.02953074,0.0037634121,0.006616666311720994
0.02530759,0.003019068,0.006666050089953733
-0.0069225198,0.002953154,0.006706139423398762
0.006802916,0.0014174249,0.006676893373636545
0.002399193,0.0025107688,0.006677163229498422
-0.016624777,0.0023549367,0.006668022267234862
-0.026803458,0.0076689967,0.006618357450787677
0.018125238,-0.0043168305,0.006547247204914728
-0.053782675,0.0015573577,0.006571828926129428
-0.018576013,0.0010430514,0.0064439592135417025
-0.015996967,0.004054116,0.006391062866527209
-0.07784035,0.0020653014,0.006343830737038731
-0.010351168,0.0004046363,0.006166600881659083
0.0432064,0.0026562621,0.006131899686546863
0.0066676172,-0.0009143004,0.006209624008313642
-0.0036620756,-0.00373261,0.006210582153155628
0.07224654,0.00020125826,0.00618997117660508
0.0031911589,0.000838743,0.0063275890212632175
0.03672273,0.0026285509,0.0063210683764663295
0.038563445,0.0036455796,0.006384142364990701
-0.051135916,0.0027079855,0.006450766180405744
0.015841171,0.009043787,0.006331785431556011
0.042707123,0.008772816,0.006351392412409378
-0.009938567,0.0029791133,0.0064261984421417435
0.030165475,0.0043031466,0.006392595227793418
-0.031028682,0.0030319425,0.006441310145076341
0.002526937,0.002255134,0.0063646843935199204
0.02312629,0.006960595,0.006356852256089487
-0.046076816,0.0023215585,0.006391005895585163
-0.03126045,0.0038876894,0.006284363982026329
0.0057608425,0.0022953046,0.006208208173869506
0.07694813,-0.00013677785,0.006207302575275822
0.011946674,0.0026759913,0.006350213335003854
0.0053812144,0.001971732,0.006361496522708143
-0.02188465,0.0017458323,0.006359524124136131
0.011498133,0.010317001,0.006302808915067606
0.03440431,0.007416425,0.0063132203856197545
0.0042625344,0.0019223575,0.006369402567506768
0.04780354,0.0016497519,0.006365197241894656
-0.045878157,0.001249873,0.00644774374098005
-0.011869427,0.0015808687,0.006343716105273101
-0.04852759,0.00487886,0.006307578916935849
0.029667037,-0.0015005089,0.0061989944221885265
0.01792518,-0.0029605352,0.006245373952199738
-0.0014433967,-0.0027735387,0.0062684110459720966
-0.06068185,-0.00026093711,0.00625323032211846
-0.065506056,-0.00013606073,0.0061217272179137205
0.039429203,-0.0019867793,0.005981280584248952
-0.029218761,-0.0023487387,0.006046736400475117
0.039652556,-0.0051658195,0.005977858475375797
-0.035565373,-0.0038183392,0.006043501160961719
-0.022251306,-0.0057020388,0.005962550044779988
-0.084773675,-0.0020047287,0.005907765858087833
0.051833905,-0.0021150564,0.005732026632379762
-0.0033747999,0.004496148,0.005821198544656854
-0.098709606,-0.004199769,0.0058034456519969165
-0.061229903,-0.0031655892,0.005602071757418479
-0.055558767,-0.0035179905,0.005473548728556265
0.06702102,0.0034003886,0.005356404168290871
0.043394092,-0.0016748375,0.005474535615778425
0.028825525,-0.0025180667,0.005547039548578863
-0.01445649,0.0011579524,0.005591464139506014
0.048372947,-0.000673289,0.0055532775600884285
0.052433398,0.016579261,0.0056346837751445195
0.037746966,0.005432652,0.005723485888703859
0.009439271,0.0069593824,0.005784136419000181
0.035031516,0.002105656,0.005791045936059545
0.03330749,0.0033162492,0.005846216634491388
-0.04065373,0.0018633754,0.005897932778320428
-0.0004587751,0.008739339,0.005810429649650736
-0.045380123,0.0071235946,0.005798667539448406
0.03718831,0.00015783813,0.005702827107802222
-0.009741733,0.004804217,0.005761678478023403
-0.044650592,-0.0039643156,0.005732754203156436
-0.0007973687,0.0036014488,0.00563893046737796
0.08053768,0.0028640218,0.005626967086021349
0.0152169,0.0027836426,0.005765947994602419
0.026876569,0.0020012257,0.005783449757641561
0.0047964584,0.0026275076,0.005822438887099248
0.002768678,0.0020180768,0.005820545934186217
0.018885259,0.0019389136,0.005814925551051737
-0.023361495,0.0020723343,0.0058389518985410074
0.00034892705,0.008858573,0.0057853730973240775
0.035577282,0.007425355,0.0057754162364236795
-0.006181194,0.0019446862,0.005829898624125888
0.0074270056,0.0025568996,0.00580798057192617
0.045083817,0.0016929883,0.005810929615625633
0.009874372,0.002160119,0.00588233486558734
-0.02058504,0.00078467414,0.005889579941714673
-0.038795475,0.0038973344,0.005841618674373645
-0.005182212,0.0054389862,0.00576090060278039
-0.045473948,-0.0017772644,0.005741147691550386
-0.019234743,-0.0016341704,0.005648868239635753
-0.010280502,-0.0023528584,0.005604113543216849
0.033296786,-0.0027389699,0.005575595382405395
-0.038427703,-0.0061545284,0.005625274935929191
0.03437744,-0.00091467664,0.005546468177398797
-0.0064670322,-0.006708734,0.005597952057100234
-0.11989406,-0.0031031347,0.005576445846220747
0.01222607,-0.0046187,0.005353188722807039
-0.014532753,-0.0017438877,0.005365396327699732
-0.004292215,-0.005001251,0.005330115920618004
-0.027844822,0.0001233657,0.005313085246031725
-0.043961447,-0.004582859,0.0052545023709782415
-0.03474044,-0.0044073365,0.005167701755275841
-0.0203749,0.0021600702,0.005097440941362563
-0.08578314,-0.0010343149,0.0050526740860524595
-0.0927296,0.00076280715,0.0048933130106888715
-0.1309899,-0.0022713505,0.004722344689682818
0.14731969,0.004523966,0.004485085530660825
-0.051853754,0.007377795,0.0047343605810314755
-0.02356981,0.0037036482,0.00463577501621026
0.1095711,0.006999096,0.004586721826142267
0.05949875,0.014307481,0.004768986370335269
0.01943551,0.020551572,0.004863838646423711
0.044146013,0.004919055,0.004889049150563686
0.045532506,0.0059035737,0.004956850468982108
0.040793322,0.008287399,0.005026808495689505
-0.07183527,0.01088903,0.005088368759942586
-0.02057243,0.013541831,0.004956197555863404
-0.037570007,0.009698784,0.004912409173224064
0.05755733,0.0018698034,0.004839665309664768
0.024061799,0.003932986,0.004929780975008049
-0.014637026,0.00071140187,0.004962429470015506
0.10866516,0.01674733,0.004929040278406462
-0.010465642,0.008946208,0.005105462252141806
0.028724397,0.011320042,0.00507902574163335
-0.013648495,0.0072033936,0.00511910264139553
-0.012344351,0.010265015,0.00508734697689556
0.039328,0.015728632,0.005057901541059019
-0.011516826,0.004977707,0.005115692603282479
-0.0030902682,0.009764345,0.005087691729830308
0.019935394,0.017651819,0.005073947259303214
-0.024807364,0.004613269,0.005098882572133182
-0.005132159,0.015501063,0.005048788357190663
0.048391677,0.013390607,0.005031763361245207
-0.054916963,0.009174755,0.0051041505299897275
-0.01935713,0.0034251986,0.005004115340804371
-0.016072672,0.0073342123,0.004963580822880486
-0.003153003,0.009604596,0.00492863688154604
-0.018967351,0.0064387843,0.004915234493593659
0.04298047,0.008876366,0.0048756937892253304
-0.019562617,3.8057948e-05,0.004938676890008891
-0.0165776,0.00034583677,0.0048982457120644645
-0.005220693,0.008048896,0.004862865406821929
-0.047177404,0.005480661,0.00484628060669485
0.031202786,0.0047362405,0.0047608558369543535
0.0005670034,0.005440503,0.004804203262911407
-0.06744452,-0.0027524955,0.00479726840222922
-0.021281678,0.0047177584,0.004679226267244363
0.021984316,0.0057893284,0.004636875688946133
0.07993711,0.0041360036,0.004665128849727384
0.00824126,0.00022039833,0.0047875223115344
-0.021806026,0.0022751202,0.004793129029249857
0.05002085,0.015514896,0.004750018567488358
0.027502175,0.00291979,0.004823272341966303
-0.010757737,0.004764816,0.0048599103113985435
-0.10001912,0.0017187652,0.004834720557893536
0.01964097,0.00020161402,0.004665873794225547
0.009517622,0.0019980655,0.004689949510171351
0.034043767,-0.0028734761,0.0046976985834781115
-0.03673893,-0.00139202,0.004744727538565759
0.048501752,-0.0036244825,0.004678353689052165
-0.003896083,0.0014018997,0.004748359118170215
-0.024931232,0.0018008255,0.004734572129171086
0.031361796,0.0148356445,0.0046873335883386175
0.003910606,0.0030063847,0.004729741318662176
0.052361,0.0013340743,0.004728441103546333
-0.0062515135,0.001437181,0.004803928519117981
-0.0760736,0.0006335568,0.004786435731125206
0.042771913,-0.0009913343,0.004658694755496372
0.008322534,0.006060229,0.00471881024186185
0.050048836,-0.00013511916,0.004724485397624864
-0.0053615696,-0.0015393483,0.00479575009916253
-0.11146938,-0.004101192,0.004779804542366842
0.029488774,0.0019627248,0.004597595788291758
0.041550152,0.021809964,0.004636549118852334
0.02121955,0.019051075,0.00469422662336001
0.05989352,0.017822046,0.00472000715858194
0.008074347,0.0014726963,0.004805947207690527
0.021177193,0.003587545,0.00481103025546984
0.010181245,0.0018762042,0.0048364435518898
0.09482377,0.0019039795,0.004844730066373771
-0.040663116,-0.0002462157,0.0049840165062478795
-0.057353523,-0.0019053487,0.00491346452450682
0.010700659,0.0020113175,0.00481737349494964
0.02693197,0.0024584362,0.004826438649649371
-0.032444395,0.0020834887,0.004860447158571333
-0.0042233896,-0.0061797225,0.0048031432533739695
-0.019728681,-0.0008882308,0.004789298877907072
-0.012699938,0.0031828033,0.004751752201106918
-0.06946569,-0.0037400178,0.004725067658935152
-0.064506926,-0.0057357117,0.0046117993276068615
0.038483426,-0.003710044,0.004506435417591469
0.03086926,0.009883745,0.004558150776126103
-0.038076025,0.020976879,0.004598137264962289
-0.024151716,-0.0031730547,0.004533381329048057
-0.05972473,0.0038356679,0.004489919059789937
-0.015991231,0.0071556456,0.004392771331245381
0.030957697,0.012578141,0.004361979786293958
-0.04119081,0.00088359223,0.0044020939901749274
-0.026450044,0.011518585,0.004333429977386147
-0.029961023,0.00027856595,0.004287139039759741
0.10946884,0.024263509,0.004235715372313105
0.0028739923,0.027742252,0.004393486173947745
0.10274442,0.03131404,0.00439121148254148
0.038851667,0.024682332,0.004538226746174441
0.010419541,0.013862673,0.004589440836397403
0.028003925,0.010260067,0.0045981295103201675
0.018528251,0.0077292654,0.004632959563813139
0.02867457,0.012583976,0.004653606356403902
0.066709965,0.007595974,0.00468924576958962
-0.012781164,0.013172589,0.0047811283172901585
0.029426696,0.0027104036,0.004755148595404266
-0.03841603,0.004129394,0.0047915910580092315
0.00836279,0.0012123616,0.004727863000773146
0.006440115,0.011079537,0.004733216353700344
-0.02076796,0.003993653,0.0047357264990055496
0.015998766,0.011877141,0.004698276150699503
-0.012742208,7.157764e-05,0.004714845783654819
-0.011181109,0.0027394253,0.004689286407226449
-0.042193767,0.00430146,0.004666084075266256
0.010077145,0.0022684836,0.004597675534012816
-0.0005163648,0.0010009113,0.004605663098760069
-0.06266084,-0.002719005,0.0045982074540507
0.014911097,-0.0002302696,0.0045004472061030585
-0.021337701,0.008599875,0.004515557001947719
0.09838924,0.017850714,0.004478088512078629
-0.008325746,0.0027540503,0.004613994662016468
-0.005238763,0.010729035,0.004595295614408157
-0.019839063,0.027726626,0.0045811050535551935
0.01796532,0.026178274,0.004545917491105141
0.06767908,0.01176782,0.0045652259846398835
0.0075915777,0.013102092,0.004655906805620079
-0.0064234496,0.004114602,0.00466011867205742
-0.009887721,0.010044085,0.004644239634404861
0.053676274,0.024470167,0.004623449990593793
0.009363929,0.020737048,0.004693525452998334
-0.008810454,0.0077466588,0.0047001879399552
-0.01267188,0.011785003,0.004680942011197122
-0.039300278,0.024706516,0.004656258053252285
0.038111366,0.02415825,0.004593819792055662
0.06294448,0.011755355,0.004641362411260658
0.040954776,0.011780749,0.004723944729781069
-0.0017800234,0.010700443,0.004775190601603535
0.06815853,0.005421565,0.004765931824695761
0.04904118,0.011203083,0.004855343105195272
-0.019421984,0.00088183855,0.004917576680825629
0.048666988,0.011340444,0.0048833438254232645
0.010729377,0.0038292361,0.004944837707084384
-0.06444833,-0.00045030247,0.004952950665641049
0.06659445,0.014952998,0.004855749996885115
-0.091499016,0.00377594,0.004942097831387203
0.050509512,0.0057965843,0.004807403538761109
0.01998608,0.0045639626,0.00487114427639808
-0.031787902,0.0006770179,0.004892195718918089
0.121903196,0.018466225,0.004841180283819767
0.036739584,0.0055895736,0.005003766416727255
0.021708295,0.001411613,0.005047782807353879
-0.01378019,0.0019063893,0.0050708583086584574
0.0046982253,2.4921643e-05,0.005044784936615952
0.04513069,0.00899645,0.005044306263080618
0.043849256,0.002184948,0.005099597825058575
0.033775125,0.0010270037,0.005152972009720553
-0.026873251,0.0008611478,0.005192342233502061
-0.2475811,-0.0008895933,0.005148296088369174
-0.09139836,-0.010876816,0.004801616540232313
0.067821614,0.008337966,0.004669835752718253
0.03793068,0.008131629,0.004756226694840739
0.043462835,0.0015729786,0.00480154698429619
-0.035925332,-0.0021320218,0.004854290897349381
0.0060747014,-0.0014608792,0.004798732827384563
0.003388638,0.0066266377,0.0048004688390967795
0.04149116,-0.00048111993,0.004798550590551357
-0.009358009,0.004077278,0.004848337032499861
-0.038116556,0.0087668225,0.004829087240689593
0.0359692,0.01701822,0.004770974056790198
0.020353958,0.017185638,0.004813133823572079
-0.020545572,0.0024765113,0.004834106595754402
0.012696231,0.0020844068,0.004799902177104511
0.06352564,0.013872237,0.004810529806454382
-0.030833509,0.0032124848,0.004889447964610211
0.016697116,0.001851149,0.00484149768704786
0.043739755,0.010600665,0.004857389937060069
0.033523347,0.0017104227,0.00490944129551999
-0.013494753,0.0024153853,0.004947695180457483
0.07914865,0.002738998,0.004923072418829648
0.012679944,0.0017773648,0.005022039855830372
-0.011380776,0.0017404308,0.005032236798518845
-0.030402875,0.0041389805,0.00501041098385108
0.01349612,0.011851533,0.004963381388156636
0.015530772,0.010269746,0.004974698018225834
-0.0761392,0.0018811795,0.004988679572606817
0.007607462,0.0027364523,0.004881367566884451
0.020558814,-0.00025445278,0.004884968748281721
-0.031184725,-0.0032955143,0.00490564664384709
0.08608567,0.00094568956,0.0048580967464726
-0.013549869,0.0031119655,0.00496497513193294
-0.010740168,0.0035210166,0.004940645507648196
-0.10196717,0.0093949335,0.004920067011716035
-0.056777474,-0.0020345612,0.00477997888871963
-0.009588568,0.0069971364,0.004699406307007805
0.055784583,0.01035911,0.004680729217011652
0.021921623,-0.0007771203,0.004747444430947323
0.038034815,-0.00033907927,0.00476983579870124
0.063938335,0.012314122,0.004813149574147246
0.019269748,0.003468268,0.004890035380402238
-0.002122921,0.0032292309,0.004908710331414137
0.036748055,0.0027788389,0.004899590187096043
-0.051109962,0.0025140205,0.004940844675673201
0.041288726,0.011877262,0.0048683339294364235
0.018721065,0.011508429,0.0049153886995944905
-0.0215932,0.0022177945,0.004933202474888774
0.008780766,0.00669594,0.004899018966489635
-0.045231972,0.008508066,0.004904014780276013
0.10414551,0.011640695,0.004839572638026642
-0.022313248,0.0034392485,0.004967051379165022
0.009393652,0.0030730008,0.00493207663590184
-0.022458125,0.010757569,0.004937789280375373
0.024814144,0.00972466,0.004902756142029848
0.0016433857,0.0012201512,0.004928185755867478
-0.017940182,0.001441365,0.004923995959926492
0.036910046,0.006364377,0.004894869618272041
-0.023930766,0.0025635653,0.0049356013947017205
0.0086795585,0.0094123,0.004898922402219991
0.002191891,0.010542014,0.004903720163794584
0.030934302,0.001114637,0.004900283117911982
0.010993919,0.0016612593,0.004933237572365641
0.0044575413,0.0021581685,0.004940899622634844
0.011141928,0.0026427852,0.0049402893216918325
0.018780822,0.0018339901,0.0049481097991081495
-0.027322501,0.0014013954,0.004965531350915749
0.023524001,0.012678124,0.004924917473815053
0.0012664099,0.009828344,0.004948283156939319
-0.007097447,0.0015086354,0.004943663491592877
0.03434938,0.013177502,0.00492857438092001
-0.010105754,0.0019326942,0.004965396413232231
0.017088348,0.0047068,0.0049465574749046936
-0.010895299,0.0014855549,0.004961715765255555
0.010073777,0.0016492157,0.004941943926653102
0.030586008,0.009903236,0.004948334752757144
-0.03003253,0.0012760706,0.004980222406027959
-0.04653047,0.0011781402,0.004936728303129813
0.010042158,-0.00036497982,0.004872873218073775
0.013482059,-0.00030208527,0.004879278775369183
-0.02816689,-0.0028565177,0.004889925781033454
0.02909121,0.0036150222,0.004849064451088606
0.037712257,-0.0023420327,0.004878993024819611
-0.02792439,0.0033261103,0.004919477937681056
0.018674789,0.0032842546,0.004879029823829571
-0.040716153,0.008381809,0.0048959987773015854
0.011156031,0.012945713,0.0048399641932530615
0.021277398,0.00059655256,0.004847713968390885
0.03428885,0.0010628774,0.004867848384938221
0.024916084,0.001698628,0.004903859402437215
0.024386656,0.0011822724,0.004928324225274413
0.034647655,0.0013470681,0.004952082871567454
0.018487291,0.00055880373,0.004988296983604569
0.028175024,0.0013729258,0.0050047391205436205
-0.000996016,0.001319676,0.005032926815428257
0.03654892,0.0047951424,0.005025601247042635
-0.0077367118,0.0013077006,0.005063857701810493
0.0385429,0.0015804198,0.005048341860035152
0.013295016,0.0013113896,0.00508889217283712
0.029378118,0.0015476294,0.005098814934721845
0.0057486543,0.0015817947,0.005128137764502947
0.005651893,-0.00018096584,0.005128886276548245
0.011124268,0.00072743645,0.0051295164052441895
0.020356787,8.8934234e-05,0.00513673030628983
-6.970966e-05,0.0007540322,0.005155023644105173
-0.049449746,0.00093855936,0.005148751455262241
0.01720309,0.0015650842,0.0050832856314961565
0.050434444,0.0012190299,0.005097800368120027
0.022056822,0.0009850453,0.005152030803205606
0.06948668,0.0006428714,0.005172227686037754
-0.02411067,3.405745e-05,0.005248975239690021
0.056298666,0.00088754384,0.005213981622872562
0.0032302178,0.00079570286,0.00527479672296717
-0.046434637,0.00031989804,0.00527236559469283
0.05423281,0.0043549025,0.005210955852704942
0.05529801,-0.0005089087,0.0052691075179954715
0.038267236,0.00082550285,0.005328383470876973
0.07362892,0.000590966,0.005367364361684166
-0.060829386,-0.00090214243,0.0054480517765479715
0.04839646,-6.621666e-05,0.005369802145034841
-0.037543904,0.0029235699,0.0054205411291939455
0.04108804,-0.0030237534,0.005369935186713996
0.013112184,-0.00076073414,0.005411956487574464
0.0071301726,0.00015326394,0.005421004933135797
0.06519797,-0.00031984513,0.005423010998436464
0.046173126,0.00027197498,0.005493087148488538
0.0073244404,-0.00056695665,0.0055407218538245555
-0.02211876,-0.000635014,0.00554280807435198
0.03616095,0.006392086,0.005510493158058507
-0.014253071,-0.0020633987,0.005546257984732446
-0.15844941,-0.001405255,0.005523181844216466
0.056973636,-0.006016634,0.005332294075605955
0.07247344,-0.0021942668,0.005392342147785902
0.05710968,-0.0037068143,0.005470252826585233
0.054862335,0.0006521702,0.005530159354659693
0.038116604,-0.0009512781,0.005587322942110015
-0.0359551,-0.0011868166,0.005624972573067916
0.034745574,-0.0019369732,0.005576903123559626
0.03258102,-0.0016580644,0.005610585191543389
-0.027125578,-0.0025241333,0.0056416929596576505
0.049606103,-0.0029797037,0.0056039426470616506
-0.034678057,-0.002841882,0.005654578044993754
-0.00879529,-0.0021419725,0.005608218694555683
-0.032374196,0.0022464152,0.005591681944901708
0.058368515,-0.0026363018,0.0055481430943289676
0.016713811,-0.0021673497,0.005608647529757302
0.05710638,-0.0017245082,0.005621353666547772
-0.055294245,-0.0016178937,0.005680193695979791
-0.021705842,-0.0049291425,0.005610588171804596
0.08964573,0.002303758,0.005579440589344616
-0.036788717,-0.0052340985,0.005675188069845243
-0.027141856,-0.0053699235,0.0056268787353946
0.020894608,-0.0033686305,0.005589641536797981
-0.016874647,-0.00079529785,0.0056070138023964445
0.055920806,-0.0027071289,0.005581524391318928
-0.058483258,-0.0031333049,0.005638533770017411
-0.00921555,-0.004361768,0.005565997806601387
-0.08708732,-0.0036074766,0.0055492954931861856
0.0006166639,-0.0034672185,0.0054447394956755905
0.026879275,-0.0022562393,0.005439296343924308
-0.100740656,-0.0040724636,0.005463440464277605
-0.06962282,-0.004245606,0.005343975788550999
0.07075856,-0.0041846433,0.0052597434313662395
0.0029540944,-0.0056252913,0.005333255008670831
-0.02801026,-0.005559239,0.005330587788299992
-0.01215979,-0.004171167,0.005293252012149881
-0.0685372,-0.0028870772,0.005273729593889755
-0.0868682,-0.002355096,0.005191259283721043
0.016555458,-0.0055069295,0.005088514355138939
0.07364246,-0.0017325465,0.005101298016178099
0.0073107374,-0.0042235046,0.005177624479959626
-0.015922397,-0.0058524976,0.0051799972418173695
-0.021071257,-0.002370033,0.005156550136687454
0.035582285,0.0015109222,0.005127440472751389
-0.06423896,-0.0038259574,0.005161204158895127
-0.009329455,-0.0023556286,0.005084349051232185
-0.075422384,-0.0029823459,0.005068404577753676
-0.0781694,-0.0033062906,0.004979464480049139
0.0055363188,-0.004841522,0.004887688693636527
-0.116776206,-0.00017368709,0.00488840383152297
0.08349345,0.00050180213,0.004754411970916327
0.05594493,-0.0038986062,0.004841033573581863
-0.061830778,-0.0037172153,0.004897191702360403
-0.02803903,0.0035011885,0.004823944754635623
-0.016366977,-0.0008487348,0.004787910790287641
0.009357619,0.012516433,0.004764740047642621
0.07852307,-0.0029658754,0.004769765079427825
0.05088112,-0.004200131,0.004850369783843895
0.011838924,0.010355559,0.004900621695987747
0.016771654,0.0006938092,0.004908188001815173
0.01871064,-0.0010426856,0.004921111167027894
-0.011497845,0.002663248,0.004936116094297466
0.05327175,0.013573877,0.004918253093171149
0.008517634,-0.00019158385,0.004970754177598589
0.049784213,0.0014305458,0.004974601118971652
0.01810058,0.003128982,0.0050231489111553455
0.01359755,0.0026855967,0.005037301975321359
-0.015693154,-6.411932e-05,0.005046556297370321
-0.016602239,0.012838355,0.005024159201815914
0.012738267,0.0035839733,0.0050008297543056605
0.018702682,0.008272701,0.005009167509915015
-0.03430476,-9.357286e-05,0.00502390756868549
0.00280326,0.0065644816,0.0049816186784003656
0.009662488,0.008498767,0.00497927887315486
0.01375966,0.0037394564,0.004984303775162333
0.038659636,0.006705667,0.004993709301237441
0.031674743,-3.983601e-05,0.0050297541905629396
-0.025707005,0.001590219,0.005058251504475353
0.019330721,0.009510107,0.0050253826411246075
-0.01898906,0.0040435162,0.005040649811570071
-0.021209264,0.007385916,0.005015031783973417
0.029391179,0.0026283632,0.004987103886254485
-0.0006786021,-0.00093316153,0.00501306566814279
0.034381665,0.008246929,0.005007017137058483
-0.011599336,0.00092034036,0.005038200415351842
0.0050421027,0.0018812352,0.0050205572167995255
-0.018689875,0.0026677493,0.005020580040355387
0.034878768,0.0030718613,0.004995489612207243
-0.0031552068,0.0013544163,0.005027078701440458
0.022901613,0.008563909,0.005018438484442335
-0.0010668369,0.001613258,0.005037302592860936
0.009433143,-0.001380663,0.0050308704121753865
0.008294686,0.0003583095,0.005035504383152951
-0.032322284,-7.98759e-05,0.005038931492890697
-0.002702044,0.0060121506,0.004999686518807598
0.0015625237,0.0008763158,0.004991604954684761
0.01987098,-0.0040389444,0.004988010529842947
0.021954011,0.0016143621,0.005003594790766057
0.027920483,0.0013213231,0.0050213253518343525
0.014131331,0.002022133,0.005045253415918331
0.009484851,0.002243283,0.005054737839163711
0.011201964,0.0012340083,0.005059357352158877
-0.023868829,0.0012360861,0.005065755900500335
0.0070383325,0.010299073,0.005035647071247039
0.03875913,0.0030809885,0.005037728864854802
0.029489202,0.00012463742,0.00507274589717016
-0.02085128,-0.00029914695,0.005098074171576502
-0.035689108,-0.000968278,0.005071183648559088
0.010985257,0.0034246638,0.005028988729591935
0.032593854,0.0064930283,0.005035148262554135
0.014016146,0.0020251474,0.005063617999650346
-0.04545542,0.00060580106,0.005072856934470404
-0.009533037,-0.003009344,0.005020765928839893
-0.06581722,0.008681781,0.0050057774598796685
-0.034021996,0.0026699281,0.004932914291711923
-0.004704949,0.0017499729,0.0048928784127259236
0.045785993,0.004114874,0.004883024380494827
0.011107972,-0.0030016392,0.004924976143527788
-0.08827172,-0.0058589918,0.004931311180155076
-0.009035406,0.0020932895,0.004835914011907698
0.013350327,0.001880891,0.004821730658416086
-0.090644166,-0.0044723316,0.004830442196628009
-0.1841965,-0.006473444,0.004733019127168667
-0.07715171,-0.008251797,0.004540430420647301
0.011628616,0.022733442,0.0044572408700103055
-0.0862335,0.019887961,0.0044645362665514
-0.10935738,-0.0018478507,0.004372363468855764
0.083901025,0.007294262,0.004256901800992064
0.08985094,0.008537209,0.004337676774170431
0.053099483,0.0023143145,0.004424316351714612
0.00247693,0.011915816,0.004473582714973576
0.07173683,0.009078726,0.004471563854715558
0.034059856,0.016243095,0.004539508565461012
0.0357786,0.013593659,0.004569297008974138
-0.018528767,0.009389574,0.0046007580006208896
0.058514163,0.011194125,0.004577465427679576
0.018802127,0.004708013,0.004631727698776541
-0.03650468,0.0013516041,0.004645969305983358
0.029966487,0.019552283,0.004604653394603683
0.059221286,0.014339187,0.004630091542270002
0.01575367,0.0023770155,0.004684792138246331
-0.08360118,0.005494356,0.004695872095729831
-0.055115998,-0.003342152,0.004607575046895363
0.06797913,0.010366859,0.004547911137966106
-0.046594296,-0.004035532,0.0046112157447831615
0.086426266,0.007914756,0.004560163390450655
0.03789882,-0.0046386556,0.004641703332828433
-0.00014999625,0.0021206124,0.004674794991097855
0.06479783,0.0103835175,0.0046699989759449445
0.022981564,0.0028596828,0.004729708841472206
0.031892736,0.0010666664,0.004747815840223738
0.00052980665,0.003306702,0.004774718634743897
0.02891497,0.008137272,0.0047705157515941544
-0.011374445,0.00399722,0.004794397505959019
-0.016688481,0.012009477,0.004778420389153944
-0.020029252,0.012332972,0.004757228976160461
-0.055851035,0.013761199,0.004732784714453169
-0.07292879,-0.005087594,0.00467309622230092
0.103467725,0.020709923,0.004596716416690612
-0.0027337333,-0.0016024072,0.0046939347144297
0.009385815,-0.006607766,0.004686638380454642
0.04421782,0.0026054678,0.004691249937382817
0.042427104,0.01954798,0.004730001477846778
0.032341335,0.008445925,0.004766923223673053
-0.0060482537,0.0017377547,0.004793904057083164
-0.061652023,0.012448192,0.004783305662367158
0.04053318,0.02878772,0.004718427411383175
0.014257872,0.01965659,0.0047533686346695305
0.0224853,0.017731223,0.004762632282731111
0.024709685,0.0035424854,0.004779889019455376
-0.018101046,0.0034711715,0.004799275980306373
0.0052158507,0.014544632,0.004777021051402441
0.008373999,0.015563116,0.0047774470995648795
0.050935265,0.011045761,0.004780935510755261
0.012926097,0.007606503,0.00482565869793167
0.03689108,0.007181592,0.004833500361368288
0.01943001,0.0031555744,0.004864503823725853
0.022856781,0.009889447,0.0048785767762132715
-0.013693327,0.0029734122,0.004895930255443933
0.049428057,0.0071458407,0.004878004259938024
-0.029645106,0.0051711835,0.004920923385820102
0.031169156,0.011759291,0.004887654830276604
0.045231458,0.015905015,0.00491292550410575
0.030354602,0.0076746894,0.004951656082679782
0.025619013,0.0053048367,0.004976035109723638
-0.035285268,0.0053558922,0.004995827035059447
0.044743896,0.020203495,0.004957243610716568
0.008027691,0.004100106,0.00499531696183617
0.006538577,0.0023084157,0.0049982159813698745
0.023042472,0.0022448765,0.0049996871952483505
0.020429881,0.0042585935,0.005016903593038568
-0.014068499,0.0026354152,0.005031596612768371
0.039009154,0.010623694,0.005013406045320499
-0.014027933,0.009361287,0.005045752142178354
0.023687229,0.009298809,0.00502762126308998
0.02725518,0.005576312,0.005045341687873795
-0.0024730554,0.0073312004,0.005066413640124872
-0.02987175,0.013335264,0.005059267223987263
0.055444166,0.014648025,0.005026188608601869
-0.015103485,0.0048045744,0.005073887735806847
0.009058844,0.009252939,0.0050548164946243755
0.012442273,0.01077849,0.005058597446280183
-0.019529464,0.0033971872,0.005065563178017466
0.021076325,0.0122260265,0.005042382191305572
-0.061971154,0.0068759876,0.005057480066198088
-0.024856376,0.0017712939,0.004994423966357883
0.080150396,0.010018915,0.004966368703672995
0.0033643343,-0.0026491028,0.0050369640341219315
-0.015367477,0.009314137,0.00503539496312237
-0.05044637,0.008962227,0.0050162732460051745
-0.0018415105,0.008054709,0.004964341933271171
0.06496959,0.020513866,0.0049579753734368395
0.0035430063,0.003238681,0.005014060996262037
0.018221144,0.0029580065,0.005012687462424465
0.0025764203,0.005919553,0.005025008783479225
0.035717204,0.013908769,0.005022726781180058
0.0010492394,0.010506199,0.0050513063691055345
0.00024991878,0.013001505,0.005047583516130797
-0.018323218,0.015542269,0.005043124719910494
0.034964442,0.014824648,0.005021428950950549
0.018918011,0.0032977646,0.005049205401138083
0.018894644,0.009152139,0.0050620587894016425
0.038301427,0.0062417802,0.005074866739091198
0.0012587036,0.0075423513,0.005105603612521562
0.010234363,0.007633653,0.005102048252109972
0.013945289,0.0071105277,0.005106787231911435
0.005183425,0.0065725097,0.005114940831288053
0.019888846,0.005780958,0.00511500395015381
0.0015377399,0.0054191533,0.005128607856464612
0.018952051,0.0044660936,0.00512530439006613
0.022973169,0.002716368,0.005138012797039985
0.030007811,0.002931624,0.0051543903506160085
0.010288617,0.0046358085,0.005177191654205538
0.055537447,0.007370311,0.005181876736687802
-0.039486855,0.0027604837,0.005227989896574843
-0.02688911,-0.0007110979,0.005187079699717521
0.0025636307,0.011072511,0.005157759599458144
0.022122175,0.00769149,0.005155390531966754
0.0054176925,0.0023599707,0.005170871174274648
0.035067905,-0.0011479772,0.005171096170902494
0.030810384,0.0031868154,0.005198324594007839
0.003528114,0.0022427659,0.005221629470701021
-0.07236135,0.0018009857,0.005220089911130013
0.017659303,0.0081061125,0.005149625387995918
-0.0968236,-0.0025364351,0.005160977182381487
0.07636755,0.010607808,0.005068516094351395
0.029119821,0.0047720918,0.005133098552235332
0.017543355,-0.0016560518,0.005154805993604657
0.0379281,0.007332818,0.005166007213323821
-0.06737259,0.0017820989,0.0051956026003717164
0.06514955,0.014899111,0.005130107841433275
0.012696064,0.012257279,0.005184228170809923
-0.018119046,0.0031045703,0.0051909955905455165
0.017016927,0.015566488,0.005170014454582323
0.019591222,0.0074270414,0.005180668152717
0.03407095,0.003022214,0.005193615640078323
0.028155617,0.002698365,0.005219537843275271
-0.0012890269,0.002579387,0.005240108318228302
-0.086715445,0.008974518,0.005234257838616866
-0.13130796,-0.0029300596,0.005151939393888966
0.12003557,-0.012342613,0.005029882239192662
0.046711814,0.0028594863,0.0051326576495147064
0.02004571,-0.0011683932,0.0051697818959512785
0.05524956,0.0021639236,0.005183052126844785
0.069491364,0.0109012285,0.005227674683437937
-0.03899676,0.0007796222,0.005284899696241494
-0.026865004,0.0033749717,0.005245503202025885
0.10371933,0.009793418,0.005216960529285845
0.040629197,0.008924384,0.005304440432300778
-0.010202858,0.0030672112,0.005335784493063644
0.025769107,0.0026187273,0.005322009101078909
0.042402185,0.00052767055,0.005340119905279674
0.052501366,-0.0001960244,0.005372918193416301
0.00618881,0.0011347075,0.005414587908136898
0.023405932,0.000574144,0.0054152718498008
0.024014333,0.0019657682,0.005431150631830995
0.030141156,-0.00013363836,0.0054475379181019015
-0.047171276,0.0002568694,0.005469294409950968
0.06813517,0.007245166,0.0054229558796053
-0.0072824527,0.0017525632,0.0054781117426211945
0.042466078,-5.0034458e-05,0.005466898592884429
-0.053657137,-0.0006562821,0.00549938250803868
-0.029730607,-0.0010822817,0.00544749082438469
0.03722353,-0.0017700699,0.00541665988867168
-0.09175048,-0.0062210686,0.005444511788130476
0.0002739351,-0.0067586047,0.0053594767994841475
-0.085512586,-0.0023265774,0.005355031395891376
0.089026965,-0.005649539,0.005275671031407648
-0.041929014,-0.0020722947,0.0053487524399325114
-0.09785309,-0.0054130186,0.005307533811800819
0.075292446,-0.0036012041,0.005217672643943161
0.050451625,-0.0016355059,0.005278660261937329
-0.063478425,2.3565637e-05,0.005317941100960445
0.058562238,0.0005167885,0.005258170148531158
-0.028058136,0.008465253,0.005304441040563133
0.0333995,-0.0030319844,0.005275505587898272
0.011309856,0.002231262,0.005299876466897315
0.0017980835,0.0010506337,0.005305079912049424
0.06121245,-0.00075930177,0.005302046178163613
0.027215905,0.0011847684,0.005350369777202265
-0.020034093,0.00076942326,0.0053692519323925375
-0.05322437,-0.00057684636,0.005347333601640018
-0.025555277,0.0021048947,0.005296840753807969
0.08222605,-0.00081599277,0.005270267008763125
0.039911665,0.0040328423,0.0053364940189795824
