,ActualLogEP,ActualMktRet,LaggedRF,HA,CF,Net1
200001,-0.021705841502511,-0.01746,0.0041,0.0055976794482287,0.0052149983830980335,0.003949761390686035
200002,0.08964572806122328,0.09849,0.0043,0.005566582043956787,0.005077800253767892,0.01284782774746418
200003,-0.03678871714623953,-0.03159,0.0047,0.005662235224863802,0.009007156904965324,-0.0038545962888747454
200004,-0.02714185680431871,-0.0223,0.0046,0.005613995506260275,0.006565511264052826,-0.0419793576002121
200005,0.02089460720306168,0.02622,0.005,0.005576815197167677,0.0076267249289988445,0.02228023298084736
200006,-0.01687464710055117,-0.0128,0.004,0.0055941823082854706,0.009109300374638689,0.047662824392318726
200007,0.05592080737964994,0.06259,0.0048,0.00556873629536493,0.008076968131651034,0.0015001875581219792
200008,-0.05848325945378953,-0.05209,0.005,0.005625695651795117,0.00889105157714377,0.018048645928502083
200009,-0.009215549632337356,-0.00412,0.0051,0.00555325615450067,0.0062638503299376775,-5.7495111832395196e-05
200010,-0.0870873182545224,-0.07827,0.0056,0.005536587073477151,0.00628249270967606,0.014514286071062088
200011,0.0006166638681208165,0.00572,0.0051,0.005432163279420782,0.003869859458972746,0.0037116254679858685
200012,0.02687927482733297,0.03238,0.005,0.005426740419723372,0.003971715311676872,0.011673666536808014
200101,-0.1007406530931931,-0.09095,0.0054,0.005450871504546329,0.004340660440946035,0.026295805349946022
200102,-0.06962281967052379,-0.06371,0.0038,0.005331555184773589,0.002768253096107912,0.008221221156418324
200103,0.07075855598905902,0.07783,0.0042,0.005247431307270448,0.0021933032382090746,-0.002829530742019415
200104,0.002954094361713467,0.00687,0.0039,0.005320874272160346,0.0028515426620764114,0.015929177403450012
200105,-0.02801026102128864,-0.02451,0.0032,0.005318223902719756,0.0028710924930529904,-0.0032678917050361633
200106,-0.01215979025496712,-0.00932,0.0028,0.005280943718241,0.0028977589168138317,0.0050465138629078865
200107,-0.06853719979051837,-0.06344,0.003,0.00526145686463965,0.0030745140446365444,0.006195742636919022
200108,-0.08686819477370387,-0.08036,0.0031,0.005179092292479876,0.0021658878833876794,-0.005163179710507393
200109,0.01655545787978019,0.01954,0.0028,0.005076475473008099,0.0011447639649725624,-0.0210292749106884
200110,0.07364245913821894,0.07879,0.0022,0.005089258304196042,0.0016451946612691907,0.002776999957859516
200111,0.007310737522005934,0.00905,0.0017,0.005165513255068147,0.002278305744336252,0.008082231506705284
200112,-0.01592239678946017,-0.01432,0.0015,0.005167896837586967,0.0024029320487562603,-0.011118568480014801
200201,-0.02107125671122814,-0.01948,0.0014,0.005144489186502563,0.002852884182055264,-0.0010628672316670418
200202,0.03558228499462441,0.03757,0.0013,0.00511542516666029,0.003013957990462869,-0.004720941185951233
200203,-0.06423895550549422,-0.061,0.0013,0.0051491647677986765,0.0033586488807941213,-0.00945139117538929
200204,-0.009329455238924513,-0.0078,0.0015,0.005072407997584858,0.002477793403210105,-0.012594584375619888
200205,-0.07542238126249365,-0.07135,0.0014,0.00505649433655004,0.002254976826397018,0.03559986129403114
200206,-0.07816940098981892,-0.07399,0.0013,0.004967665555535643,0.001249592254755618,-0.004723021760582924
200207,0.005536318757260772,0.00706,0.0015,0.004876003960667557,0.0005925251410037719,-0.001655403757467866
200208,-0.116776202958188,-0.10897,0.0014,0.004876731179606536,0.0010207505287780298,0.020974980667233467
200209,0.08349344610425521,0.0886,0.0014,0.004742899568893891,-3.01456926074739e-05,-0.0055856360122561455
200210,0.05594493126849404,0.05902,0.0014,0.004829438631020662,0.0006531172210563376,0.0017131384229287505
200211,-0.06183077741555,-0.05883,0.0012,0.004885547843575517,0.001182338937691004,-0.007803269196301699
200212,-0.0280390306992531,-0.02658,0.0011,0.004812393978159809,0.0012459790996566607,0.006544303614646196
200301,-0.0163669774642052,-0.01525,0.001,0.0047764121329490605,0.001342369219498114,-0.013085274025797844
200302,0.009357619209812328,0.01031,0.0009,0.0047532793215736184,0.0010963019907264733,-0.010784364305436611
200303,0.07852307209356539,0.08277,0.001,0.004758311387025245,0.0006496808520616044,-0.0032738426234573126
200304,0.05088112154390546,0.05325,0.001,0.004838840601770376,0.002199972116357571,0.0026873655151575804
200305,0.01183892420535171,0.01282,0.0009,0.004889050286549149,0.004663391088065081,0.004002984147518873
200306,0.01677165315203531,0.01793,0.001,0.004896620955306014,0.0052238900036553695,0.01149881910532713
200307,0.01871063840555012,0.0196,0.0007,0.004909542644312248,0.0050874437047114225,-0.006707018241286278
200308,-0.01149784521378589,-0.01074,0.0007,0.004924543835357072,0.005389004817296395,0.01681615225970745
200309,0.05327175161716312,0.05556,0.0008,0.004906712794044214,0.005235568330763862,0.013946108520030975
200310,0.00851763393533558,0.00926,0.0007,0.004959169452203778,0.005332013902751637,0.008148922584950924
200311,0.04978421185617834,0.05178,0.0007,0.004963024776670877,0.005466910281913736,0.012305421754717827
200312,0.01810057932991623,0.01908,0.0008,0.0050115325548954525,0.005608826055616866,0.00860635843127966
200401,0.01359754958655113,0.0144,0.0007,0.005025682875733312,0.0056179296071103045,0.012490573339164257
200402,-0.01569315351962276,-0.01498,0.0006,0.0050349397512309555,0.0055354828943403045,0.011509871110320091
200403,-0.01660223897012703,-0.01558,0.0009,0.005012579348565526,0.0054578553442670985,0.0252847857773304
200404,0.01273826689058028,0.01363,0.0008,0.004989287518480728,0.005299435692014265,0.01978708803653717
200405,0.01870268218252987,0.01949,0.0006,0.004997628723402256,0.0055765539858220175,0.01995883882045746
200406,-0.03430475872796249,-0.03295,0.0008,0.005012365340024975,0.005529701504854736,0.004299989435821772
200407,0.002803259999844436,0.00381,0.001,0.004970134272282775,0.004958549410328977,0.02443654276430607
200408,0.009662487200729639,0.01082,0.0011,0.004967809299887455,0.004529588135433938,0.03244040533900261
200409,0.01375965996339682,0.01497,0.0011,0.004972841108998755,0.004505066251749864,0.009398137219250202
200410,0.03865963433004715,0.04056,0.0011,0.00498224883796492,0.005168264947331389,0.01287697535008192
200411,0.03167474400738688,0.03373,0.0015,0.0050182674320740995,0.005417267135979485,0.006704018916934729
200412,-0.02570700470765978,-0.02382,0.0016,0.005046746573714391,0.0055738904623695625,0.013521956279873848
200501,0.01933072181733278,0.02115,0.0016,0.005013925067544301,0.0054293947717491235,0.02007816918194294
200502,-0.01898906056777928,-0.01724,0.0016,0.005029188177085654,0.005508047979155049,0.024344630539417267
200503,-0.02120926428519204,-0.01893,0.0021,0.00500360963742126,0.005331852091221909,0.011461736634373665
200504,0.02939117900779661,0.03199,0.0021,0.004975723601333374,0.004876719674591436,0.013458619825541973
200505,-0.0006786021057572002,0.00172,0.0024,0.005001669887631422,0.004631794881665732,-0.009700372815132141
200506,0.03438166520980837,0.03736,0.0023,0.004995639874899587,0.0044428509766741365,0.019393878057599068
200507,-0.01159933536452094,-0.00916,0.0024,0.005026802149910095,0.004214232501905315,0.013675208203494549
200508,0.005042102702669163,0.00807,0.003,0.005009189716102436,0.004352375416052609,0.007000031415373087
200509,-0.01868987541080869,-0.01567,0.0029,0.0050092245446596495,0.004163092182539262,0.02185421995818615
200510,0.03487876760534394,0.03829,0.0027,0.004984172641958308,0.004270207821881483,-0.006735155358910561
200511,-0.003155206707374474,-6e-05,0.0031,0.005015740324073816,0.004255263022276639,0.002386587904766202
200512,0.02290161382475498,0.02644,0.0032,0.005007121181635579,0.004732211759415038,0.006046887021511793
200601,-0.001066836929986955,0.00243,0.0035,0.0050259773382668954,0.004328063659879576,0.002301389817148447
200602,0.009433143236771078,0.01291,0.0034,0.005019563849563469,0.004196330868895228,-0.009616662748157978
200603,0.008294685807709687,0.01206,0.0037,0.005024204837352332,0.0042255411637422274,-0.004877694416791201
200604,-0.03232228234300207,-0.02832,0.0036,0.005027640216522875,0.004289864726116334,-0.003191427793353796
200605,-0.002702044128859058,0.00159,0.0043,0.004988448272598925,0.004094270551296127,-0.0019588437862694263
200606,0.001562523643791501,0.00557,0.004,0.0049803869598091365,0.0039364375712798525,0.015019004233181477
200607,0.01987097899499005,0.02415,0.004,0.004976808045342102,0.0035425903431045365,0.0030730166472494602
200608,0.02195401096972303,0.02649,0.0042,0.004992387722067675,0.004421299153436009,0.0021700726356357336
200609,0.02792048321776141,0.03253,0.0041,0.005010111466318099,0.004486728507602502,0.005917903035879135
200610,0.0141313309851657,0.01839,0.0041,0.00503402625937806,0.0046507430784519625,0.010182568803429604
200611,0.009484850364371807,0.01377,0.0042,0.005043512499968037,0.004770925272124712,0.008091326802968979
200612,0.01120196331262231,0.01531,0.004,0.0050481388935767904,0.0046453423274862935,0.0028228021692484617
200701,-0.02386882813893694,-0.01929,0.0044,0.0050545424569680975,0.004697762283755673,0.005742338951677084
200702,0.007038332714961426,0.01089,0.0038,0.00502447658316778,0.004595409132761611,0.011164803989231586
200703,0.03875912945335486,0.04399,0.0043,0.005026567814872653,0.004556020550224999,0.0076956660486757755
200704,0.02948920313238488,0.03446,0.0044,0.0050615600987299995,0.0046982775825438906,-0.001020257011987269
200705,-0.02085127971859367,-0.01662,0.0041,0.005086873718453994,0.004760736005071334,0.0030670640990138054
200706,-0.03568910801279201,-0.0312,0.004,0.005060022627939452,0.004562271761745958,-0.0023802206851541996
200707,0.01098525724400445,0.01509,0.004,0.005017882885808396,0.004565469674495977,0.00035878736525774
200708,0.03259385242353172,0.03747,0.0042,0.005024047528740416,0.004772095704316401,0.017707841470837593
200709,0.01401614583383508,0.01736,0.0032,0.005052499339777353,0.004870476596402537,0.009227079339325428
200710,-0.04545541961112112,-0.04138,0.0032,0.00506174021245164,0.004810671938906823,0.008543193340301514
200711,-0.009533037027425521,-0.00612,0.0034,0.005009714301201822,0.004074292576692343,0.010016346350312233
200712,-0.06581722137547072,-0.06117,0.0027,0.004994752622880188,0.003895743322046027,-0.008048342540860176
200801,-0.03402199566679021,-0.03142,0.0021,0.0049219756711860975,0.0034348405809799874,0.008537791669368744
200802,-0.00470494886645295,-0.0034,0.0013,0.004881992127717949,0.003408219995036719,0.011961057782173157
200803,0.04578599368613871,0.04863,0.0017,0.004872159367723928,0.0034557404060457353,0.0007222969434224069
200804,0.0111079716081298,0.01299,0.0018,0.004914079279935419,0.003623224645282663,-0.0019222056725993752
200805,-0.08827172188072344,-0.08284,0.0018,0.0049204189854914005,0.003392399521756591,0.0007299068383872509
200806,-0.009035405609599624,-0.00731,0.0017,0.004825130497898134,0.0031716967100302736,0.002788570011034608
200807,0.01335032672646991,0.01496,0.0015,0.004810972646920097,0.003172140568178252,-0.011850239709019661
200808,-0.09064416260953057,-0.08547,0.0013,0.004819686273531882,0.0033057550122695596,-0.004814736545085907
200809,-0.1841965036234147,-0.16698,0.0015,0.004722373481602155,0.0027213804159655006,-0.009150098077952862
200810,-0.0771517067936839,-0.07351,0.0008,0.004529991733022707,0.0023000250740809053,-0.030998187139630318
200811,0.01162861585627587,0.012,0.0003,0.0044468974313678685,0.0024741260077676573,-0.019099848344922066
200812,-0.08623349779793028,-0.08262,0.0,0.004454195925702125,0.003094847573836645,-0.0010974493343383074
200901,-0.1093573813835425,-0.10359,0.0,0.004362127201109605,0.001704947212192097,-0.023670461028814316
200902,0.08390102206589004,0.08763,0.0001,0.004246793013904075,0.001107657093459475,-0.0520823709666729
200903,0.08985093956024685,0.09423,0.0002,0.0043274963868037575,0.0010925038797826633,-0.034210916608572006
200904,0.05309948146724417,0.05464,0.0001,0.004414058576250562,0.0018730416155120816,-0.014988607726991177
200905,0.002476929874892573,0.00248,0.0,0.004463285495250556,0.002249506752153156,0.016577934846282005
200906,0.07173682861834953,0.07448,0.0001,0.0044612790754320125,0.002398513512631403,0.0017240199958905578
200907,0.0340598566463715,0.03475,0.0001,0.004529165603729608,0.004033602766518632,0.011545460671186447
200908,0.03577860103456502,0.03653,0.0001,0.004558934445506465,0.004024722073879938,0.015848906710743904
200909,-0.01852876646876668,-0.01826,0.0001,0.004590374190309142,0.00444801782478834,0.02723902091383934
200910,0.05851416106588216,0.06026,0.0,0.004567115497493171,0.004381713324433038,0.01194706279784441
200911,0.01880212696259618,0.01898,0.0,0.004621333633742808,0.004749899320820016,0.010336468927562237
200912,-0.03650467689413312,-0.03575,0.0001,0.004635571378048885,0.004943034430455634,0.008124747313559055
201001,0.0299664861174698,0.03042,0.0,0.004594307337655523,0.004683982254269859,0.021188104525208473
201002,0.05922128465811842,0.06101,0.0,0.004619730362484996,0.0049209964251595234,0.009815183468163013
201003,0.01575366892283395,0.01598,0.0001,0.0046743865729911354,0.005187337287482744,0.018789760768413544
201004,-0.08360117630526609,-0.08011,0.0001,0.004685465855340978,0.005226338800399634,0.01072077639400959
201005,-0.05511599955649041,-0.05353,0.0001,0.004597267411624088,0.003970446067146725,0.0074524846859276295
201006,0.06797912581026096,0.07045,0.0001,0.004537673332813594,0.003053494761625017,-0.0188826322555542
201007,-0.04659429668011841,-0.04543,0.0001,0.0046009250301988856,0.003440052308631871,-0.004124916158616543
201008,0.0864262643387545,0.09038,0.0001,0.004549933773515303,0.0025737770471916882,-0.0028685880824923515
201009,0.03789881809087795,0.03873,0.0001,0.004631402759152357,0.0036334320594708217,-0.006941702216863632
201010,-0.00014999625037496,-5e-05,0.0001,0.004664471760476139,0.005003164701913912,-2.554538514232263e-05
201011,0.0647978365775096,0.06705,0.0001,0.004659690759472315,0.004832025215376245,0.012147937901318073
201012,0.02298156444298796,0.02335,0.0001,0.0047193516184187816,0.005225485259180065,0.008052513003349304
201101,0.03189273603584019,0.03251,0.0001,0.004737450937372764,0.005116754887533421,0.005290924105793238
201102,0.0005298066329762485,0.00063,0.0001,0.004764337358262337,0.005294588161692464,0.007133068051189184
201103,0.02891497006819109,0.02944,0.0001,0.004760148900571648,0.005073270711190455,0.011213485151529312
201104,-0.0113744444216935,-0.01131,0.0,0.004784017300934909,0.005392153762830013,0.008562442846596241
201105,-0.01668848128623534,-0.01655,0.0,0.004768066203479205,0.005206590305768963,0.012384893372654915
201106,-0.02002925297383884,-0.01983,0.0,0.004746905900234911,0.00516096906372731,0.02022656798362732
201107,-0.05585103354001558,-0.05432,0.0,0.00472249589149198,0.00497069314161156,0.026640169322490692
201108,-0.07292878565567487,-0.07024,0.0001,0.004662876275909788,0.0031540222171567356,-0.0074814697727561
201109,0.1034677254601278,0.10901,0.0,0.004586581623076371,0.002966353498826107,0.013702434487640858
201110,-0.002733733246055837,-0.00273,0.0,0.004683714377336736,0.003526290766593073,-0.0020712693221867085
201111,0.009385815108490469,0.00943,0.0,0.004676435233447244,0.002756163192887873,-0.010990466922521591
201112,0.04421782216543264,0.04521,0.0,0.004681052272540424,0.0034670427773462525,0.0011165996547788382
201201,0.04242710563989539,0.04334,0.0,0.004719775847362061,0.005102893296588848,0.03077830746769905
201202,0.03234133517066269,0.03287,0.0,0.0047566714733821526,0.00558202297611636,0.009516808204352856
201203,-0.006048253867540266,-0.00603,0.0,0.004783635954024655,0.005297436718842414,0.009620432741940022
201204,-0.06165202441378294,-0.05979,0.0,0.004773057936620783,0.005198576380571364,0.011861230246722698
201205,0.04053318169495813,0.04147,0.0001,0.004708252978230146,0.00494680749149309,0.01932404935359955
201206,0.01425787174669949,0.01436,0.0,0.004743170062749375,0.005419663540899402,0.03183235228061676
201207,0.02248530021907157,0.02274,0.0,0.004752434621351078,0.005630030917159124,0.016748737543821335
201208,0.02470968390824111,0.02512,0.0001,0.004769684490609561,0.005035236276058444,0.0075004491955041885
201209,-0.01810104610988584,-0.01784,0.0001,0.004789062526972663,0.005352352438463222,0.012900881469249725
201210,0.005215850821902554,0.00533,0.0001,0.00476683912052911,0.0053229407905771445,0.016749847680330276
201211,0.00837399907904625,0.00851,0.0001,0.004767274631393682,0.005266111037460441,0.013626610860228539
201212,0.05093526609949159,0.05236,0.0001,0.004770769519424353,0.005414659974826751,0.011855993419885635
201301,0.01292609688613364,0.01301,0.0,0.004815459254739036,0.005404511772774683,0.005606347694993019
201302,0.03689107858374874,0.03758,0.0,0.004823303198289708,0.005469465888068852,0.012049608863890171
201303,0.01943000886294531,0.01962,0.0,0.004854286556150055,0.005529684912264719,0.00662191491574049
201304,0.02285678214292756,0.02312,0.0,0.004868355786175918,0.005648615156896778,0.01684953272342682
201305,-0.01369332713200245,-0.0136,0.0,0.004885702388255717,0.005528627546978225,0.008412307128310204
201306,0.04942805591132284,0.05067,0.0,0.0048678035158855265,0.005283959107361099,-0.0010050832061097026
201307,-0.02964510596560362,-0.02921,0.0,0.004910691150529835,0.00573109468175307,0.007768780458718538
201308,0.03116915541202952,0.03166,0.0,0.004877464422533553,0.005418354018206253,0.010666179470717907
201309,0.04523145852892539,0.04627,0.0,0.004902720609843347,0.005662485056156444,0.015970857813954353
201310,0.0303546020137471,0.03082,0.0,0.004941423813220585,0.005801671592658304,0.009766741655766964
201311,0.02561901261761946,0.02595,0.0,0.004965789276500093,0.005833909936433349,0.01664292998611927
201312,-0.03528526718927552,-0.03467,0.0,0.004985572057478177,0.0059187971532080625,0.005019808653742075
201401,0.04474389380939165,0.04576,0.0,0.0049470353692037715,0.005645399739121634,0.013729416765272617
201402,0.008027691687228986,0.00806,0.0,0.004985082078993626,0.005843155077841092,0.005637838039547205
201403,0.006538576839582357,0.00656,0.0,0.004987988105362523,0.005807267722857713,0.00806735921651125
201404,0.02304247136811078,0.02331,0.0,0.004989467674765404,0.005803763447159785,0.009976685047149658
201405,0.02042988151150812,0.02064,0.0,0.005006677401832464,0.005870201238428353,0.0011654550908133388
201406,-0.01406849887887307,-0.01397,0.0,0.005021366167651203,0.005897492761620218,0.0069924043491482735
201407,0.03900915231432656,0.03978,0.0,0.005003202642392854,0.005733497654689517,0.010340487584471703
201408,-0.01402793298464303,-0.01393,0.0,0.005035527689609521,0.006060138044537689,0.010448019951581955
201409,0.02368722931315426,0.02397,0.0,0.005017423738351921,0.005692977843723118,0.002682300517335534
201410,0.0272551800664515,0.02763,0.0,0.0050351370263735555,0.005950481338075781,0.008846278302371502
201411,-0.002473055482397976,-0.00247,0.0,0.0050561986785442456,0.006022505384418937,0.007881510071456432
201412,-0.02987175120496339,-0.02943,0.0,0.00504906870301305,0.005876180513529688,0.01269121840596199
201501,0.05544416758128565,0.05701,0.0,0.005016031030441644,0.00549464526274276,0.023358264937996864
201502,-0.01510348557731825,-0.01499,0.0,0.005063694675574767,0.005771786594466785,0.004277211148291826
201503,0.009058844488346146,0.0091,0.0,0.005044651068159381,0.0055708457355359425,0.007122551556676626
201504,0.01244227288988735,0.01252,0.0,0.0050484380430840855,0.005692443225174297,0.014438193291425705
201505,-0.01952946460850407,-0.01934,0.0,0.0050554067846927606,0.005790146465958114,0.002563863294199109
201506,0.02107632560191631,0.0213,0.0,0.005032257188277321,0.005650759275688354,0.02144608460366726
201507,-0.06197115298275305,-0.06009,0.0,0.005047350385279803,0.005682473133989358,0.018508750945329666
201508,-0.02485637599886649,-0.02455,0.0,0.004984363070084283,0.0033378406420378074,0.0026948831509798765
201509,0.08015039418282847,0.08345,0.0,0.004956343596780104,0.0033558673016116313,0.0005540719721466303
201510,0.003364334275426322,0.00337,0.0,0.005026882105772644,0.004313725761030968,-0.008262701332569122
201511,-0.01536747713112178,-0.01525,0.0,0.005025323954104091,0.0053942411504111975,0.01162691880017519
201512,-0.05044636943707182,-0.0491,0.0001,0.00500622957106549,0.004600303806025888,0.004052207805216312
201601,-0.001841510558636046,-0.00174,0.0001,0.00495435623242364,0.0032910426918915524,0.00044612635974772274
201602,0.06496959198043006,0.06734,0.0002,0.0049480049550488184,0.003753270059416054,0.019327813759446144
201603,0.003543006276168052,0.00375,0.0002,0.0050040475199651414,0.004308407385661758,0.017723960801959038
201604,0.01822114327585582,0.01849,0.0001,0.005002684608357121,0.005116376075314351,0.02105281502008438
201605,0.002576420203074923,0.00268,0.0001,0.00501500376834547,0.005702618348191663,0.007689128164201975
201606,0.03571720558411572,0.03657,0.0002,0.005012733206366634,0.005521140605015717,0.015516392886638641
201607,0.001049239397765653,0.00125,0.0002,0.005041295506252912,0.005879426823748099,0.011153548955917358
201608,0.0002499187776985689,0.00045,0.0002,0.005037585416932757,0.005718677919126514,0.01278581004589796
201609,-0.01832321826235554,-0.01796,0.0002,0.005033140044008677,0.005656336972077189,0.017038047313690186
201610,0.03496444058495285,0.03579,0.0002,0.005011473663390528,0.005597529970350394,0.02103254199028015
201611,0.01891801083542865,0.0192,0.0001,0.005039233595662597,0.005600669955341508,-0.0029716230928897858
201612,0.01889464433839233,0.01938,0.0003,0.005052084315329048,0.00576283843175667,0.008130425587296486
201701,0.03830142751574801,0.03946,0.0004,0.005064889643750012,0.00574984242788716,0.005688650067895651
201702,0.001258703701542622,0.00166,0.0004,0.005095607331247237,0.00586427487744413,0.006142268888652325
201703,0.0102343637059016,0.01059,0.0003,0.005092064483943724,0.0056284627856053124,0.011545444838702679
201704,0.0139452893898453,0.01455,0.0005,0.005096808302414165,0.005842242702711921,0.005907142069190741
201705,0.005183424683759812,0.0058,0.0006,0.005104963584522396,0.005837763780907536,0.007729509845376015
201706,0.01988884635534805,0.0207,0.0006,0.00510503583231175,0.005821133691087296,0.0058584813959896564
201707,0.001537739825918602,0.00224,0.0007,0.005118636393970477,0.0058395329151154415,0.010576465167105198
201708,0.01895205045976504,0.02005,0.0009,0.005115345128742488,0.005800582494732372,0.011059253476560116
201709,0.02297316916872017,0.02416,0.0009,0.005128051010589157,0.005827918938563617,0.006887488998472691
201710,0.03000781178544953,0.03139,0.0009,0.00514442267862414,0.00586141302350915,0.006374259013682604
201711,0.01028861681485626,0.01115,0.0008,0.005167212219510322,0.005897245526697862,0.007073260843753815
201712,0.05553744736032369,0.05806,0.0009,0.005171902150458442,0.00603100156235035,0.007185428403317928
201801,-0.03948685584809655,-0.03766,0.0011,0.005217982246716324,0.005958045520441364,0.005172145552933216
201802,-0.02688910962960444,-0.02546,0.0011,0.0051771185921506814,0.005576171032803085,-0.00026002118829637766
201803,0.002563630785045735,0.00377,0.0012,0.005147834365464147,0.0057128430080451275,0.005629884544759989
201804,0.02212217412763846,0.0238,0.0014,0.005145476515482013,0.005792668984472142,0.008220401592552662
201805,0.005417692413214893,0.00684,0.0014,0.0051609520830409525,0.005888886863480809,0.0093598123639822
201806,0.03506790404295279,0.03714,0.0014,0.00516118590847827,0.0054730292328804605,-0.007292391732335091
201807,0.03081038383424481,0.03294,0.0016,0.005188398572840849,0.006011507283786388,0.009619588032364845
201808,0.003528113928099846,0.00514,0.0016,0.005211691286714853,0.005987583604679004,0.008429337292909622
201809,-0.07236135137399477,-0.06841,0.0015,0.005210162151965884,0.006057659700020646,0.011747878976166248
201810,0.01765930193245045,0.01975,0.0019,0.005139770578893325,0.0048459429722226876,0.003290971741080284
201811,-0.09682360235048953,-0.09065,0.0018,0.005151121015297275,0.00527181790499681,0.005819974932819605
201812,0.07636754791198612,0.08141,0.0019,0.005058752606451454,0.003444984592195126,0.01042202953249216
201901,0.02911982173521028,0.03171,0.0021,0.005123285452881802,0.0038361881522214055,0.005495251156389713
201902,0.01754335484736013,0.01953,0.0018,0.005144982140298012,0.004862756273091122,0.0008478777017444372
201903,0.03792810169685305,0.04063,0.0019,0.005156182115643146,0.00594744622238779,0.012483986094594002
201904,-0.06737259020068674,-0.06319,0.0021,0.0051857596603915295,0.005819605362397957,0.0001893818989628926
201905,0.06514955086634316,0.06956,0.0021,0.0051203328345474555,0.0050081065057789725,0.00890034157782793
201906,0.01269606420907311,0.0146,0.0018,0.005174413211152677,0.0059928575137430645,0.02153090015053749
201907,-0.01811904681063126,-0.01609,0.0019,0.0051811833740670965,0.005844513506487006,0.006578343920409679
201908,0.01701692724211644,0.01879,0.0016,0.005160229929656397,0.005868168374960082,0.03035544604063034
201909,0.01959122073709107,0.02162,0.0018,0.005170882847277655,0.005760460424639452,0.0019114397000521421
201910,0.03407094987484112,0.03621,0.0015,0.005183827495293646,0.005824231619068017,0.003629194339737296
201911,0.0281556173838513,0.02979,0.0012,0.005209735228369473,0.005872607051817442,0.004366463981568813
201912,-0.001289026963263724,0.00011,0.0014,0.005230296054673668,0.005914174070071788,0.0061325146816670895
202001,-0.0867154419188921,-0.08187,0.0013,0.005224459597182229,0.005909202877599542,0.012209614738821983
202002,-0.1313079659225026,-0.122,0.0012,0.005142223549314541,0.004692131611893025,0.0030480949208140373
202003,0.1200355684901183,0.12889,0.0012,0.005020284148535438,0.0021102177139017287,-0.09006306529045105
202004,0.04671181542195584,0.04782,0.0,0.005122976366697566,0.004003616781612811,-0.00807299092411995
202005,0.0200457106926245,0.02035,0.0001,0.005160076133919027,0.004580933265811509,0.006310442462563515
202006,0.05524956162114821,0.05691,0.0001,0.005173343187892918,0.005161115545884696,0.005009418819099665
202007,0.06949136402388498,0.07207,0.0001,0.0052179346557764935,0.005837807681780542,0.013323167338967323
202008,-0.03899676063027995,-0.03815,0.0001,0.005275117422118228,0.005529812472250224,0.009150294587016106
202009,-0.02686500352048838,-0.02641,0.0001,0.005235764641627207,0.005477735106877912,0.005135553423315287
202010,0.1037193336386638,0.1094,0.0001,0.005207255966527637,0.005424726444177269,0.005659301765263081
202011,0.04062919521373553,0.04157,0.0001,0.005294666860646658,0.005965242774458189,0.017489133402705193
202012,-0.01020285748585932,-0.010052,0.0001,0.005325991797129893,0.005790500775599319,0.0011390059953555465
202101,0.02576910613395879,0.026104,0.0,0.005312237280493055,0.005522018001460496,0.0015851978678256273
202102,0.04240218536082545,0.043314,0.0,0.005330340704257184,0.005688703735763927,0.0030857068486511707
202103,0.05250136437706238,0.053904,0.0,0.00536311863940888,0.005714541604593223,-0.0015926669584587216
202104,0.006188809749099538,0.006208,0.0,0.005404760199247797,0.005946615557373894,0.0033587601501494646
202105,0.02340593151264993,0.023682,0.0,0.0054054522112070656,0.005926096276710311,0.0026692128740251064
202106,0.02401433383084547,0.024305,0.0,0.005421325649744493,0.0061182459257697434,0.003320869756862521
202107,0.03014115691198681,0.0306,0.0,0.005437707154749868,0.006040313542939362,0.0026356459129601717
202108,-0.04717127527747155,-0.046076,0.0,0.005459453149254479,0.00607067581059592,0.0037277517840266228
202109,0.0681351704332083,0.07051,0.0,0.005413164030145661,0.005906640263785793,0.008106956258416176
202110,-0.007282452806718354,-0.007256,0.0,0.005468280028742377,0.006215362233894401,0.0075464071705937386
202111,0.04246607773094102,0.043485,0.0001,0.0054570853554891195,0.005962612338894121,-0.003919656854122877
202112,-0.05365713869896174,-0.052243,0.0,0.005489549383888639,0.006140688680200264,0.005205443128943443
202201,-0.02973060699913663,-0.029293,0.0,0.005437711795735395,0.005497355854171134,-0.0024884596932679415
202202,0.03722352779796654,0.037925,0.0,0.005406916420258274,0.004906197300328288,-0.001476659206673503
202203,-0.09175047966566732,-0.087576,0.0001,0.005434752475706837,0.005080350682198861,-0.007798998616635799
202204,0.0002739350790997839,0.000374,0.0001,0.005349800349709132,0.0034806194985609654,-0.012685414403676987
202205,-0.08551258707431991,-0.081683,0.0003,0.005345367279603796,0.003966751842091702,0.007324701640754938
202206,0.08902696708215167,0.093766,0.0006,0.0052660845969214895,0.0034236195801951386,-0.0027890135534107685
202207,-0.04192901358124478,-0.040295,0.0008,0.005339110649654907,0.00393844483796741,0.02394743077456951
202208,-0.09785308486681081,-0.091495,0.0019,0.005297936325411963,0.0034952805921272985,-0.00912192091345787
202209,0.07529244712182978,0.080248,0.0019,0.005208161720370864,0.003308503428719507,-0.020178217440843582
202210,0.05045162530792768,0.054165,0.0023,0.005269104577241697,0.0036217271084902454,-0.0007822623010724783
202211,-0.06347842581043556,-0.058784,0.0029,0.00530835959090867,0.0043746231940294256,-0.004156237002462149
202212,0.05856223659567514,0.06381,0.0033,0.005248648839692225,0.0038074986756750227,-0.008396580815315247
202301,-0.02805813508399249,-0.024265,0.0035,0.005294887857693945,0.00517084601056274,0.010664990171790123
202302,0.03339949888599424,0.037479,0.0034,0.005265985758091097,0.0047649459712913265,0.005514412187039852
202303,0.01130985519954522,0.015015,0.0036,0.005290343778115256,0.005426956393021344,0.0008095931261777878
202304,0.001798083524822362,0.005306,0.0035,0.0052955509679261815,0.005725518019911786,-0.005632001906633377
202305,0.06121244985569501,0.066952,0.0036,0.005292528092003015,0.005624177400795084,-0.001820552395656705
202306,0.02721590585465576,0.0317,0.004,0.005340818179881851,0.00579978354962133,0.0034133426379412413
202307,-0.02003409260883858,-0.015424,0.0045,0.0053596922848644,0.0058161863575747555,0.003898562863469124
202308,-0.0532243709934714,-0.047566,0.0045,0.005337801090990518,0.005646096718531245,-0.006265668664127588
202309,-0.02555527672188054,-0.02104,0.0043,0.005287359943630947,0.005553916631945589,0.0031135655008256435
202310,0.08222604952981129,0.090804,0.0047,0.005260817227051333,0.004754234518176276,-9.508704533800483e-05
202311,0.0399116639270834,0.045298,0.0044,0.005326995414757919,0.005753804187118097,-0.0005987968761473894
