Date,Actual_Unscaled,Predicted_Unscaled,HA_Benchmark_Unscaled
1927-02-01,0.04201749,0.015921047,0.04201748967170715
1927-03-01,0.004696713,0.0032277533,0.04201748967170715
1927-04-01,0.009940459,0.005806581,0.023357101250439882
1927-05-01,0.057986554,0.0014758998,0.0188848872979482
1927-06-01,-0.023575839,-0.0003102078,0.02866030391305685
1927-07-01,0.07847632,-0.0024332553,0.018213075399398804
1927-08-01,0.02978141,-0.0044809007,0.02825694903731346
1927-09-01,0.048866138,0.018063981,0.02847472924206938
1927-10-01,-0.05002833,0.0073766783,0.031023655319586396
1927-11-01,0.06567565,0.0055613206,0.022017878997657035
1927-12-01,0.01701832,0.0033520272,0.026383656449615954
1928-01-01,-0.009403484,0.0049056695,0.025532262230461292
1928-02-01,-0.015126296,0.0031676013,0.022620950049410265
1928-03-01,0.09722927,0.0075259386,0.019717315713373516
1928-04-01,0.03124472,0.009443162,0.02525388402864337
1928-05-01,0.010057021,0.0039417422,0.025653273053467273
1928-06-01,-0.038128007,0.0031355931,0.02467850729590282
1928-07-01,0.0069739306,0.0064096837,0.020984006443006152
1928-08-01,0.06467869,0.0064710323,0.020205668898092374
1928-09-01,0.018967696,0.0039647818,0.022546354289117613
1928-10-01,0.011048741,0.0040925546,0.022367421351373196
1928-11-01,0.11189425,0.005018665,0.021828436558800086
1928-12-01,0.0024178755,0.007310307,0.02592233716594902
1929-01-01,0.053386346,0.0037170157,0.024900404048030792
1929-02-01,-0.00827613,0.0015372849,0.026087318275434274
1929-03-01,-0.0034435468,0.002104423,0.024712780341506004
1929-04-01,0.015976928,0.004422581,0.023629844681216546
1929-05-01,-0.045749754,0.00786219,0.023346403329115775
1929-06-01,0.102030605,0.0014426716,0.02087868343473279
1929-07-01,0.043613162,0.0018811101,0.02367702556035385
1929-08-01,0.08734107,0.0020086209,0.02434156343806535
1929-09-01,-0.05627528,-0.00014878865,0.026373805590875207
1929-10-01,-0.20947309,0.0013928622,0.023791021718352567
1929-11-01,-0.13853236,0.0052538477,0.01672241232132144
1929-12-01,0.023678776,0.003463969,0.012156095622819574
1930-01-01,0.05422662,0.009145784,0.012485315058646458
1930-02-01,0.024307711,0.0013482886,0.013644795703132533
1930-03-01,0.066856995,0.0029363257,0.013932982604396908
1930-04-01,-0.017531963,0.0068846694,0.015325719778622059
1930-05-01,-0.013310425,-0.007076101,0.014483215090317221
1930-06-01,-0.17186771,0.005230619,0.013788374088471755
1930-07-01,0.035283197,0.01357141,0.00926017683430961
1930-08-01,0.009208964,0.016091172,0.00987977254581416
1930-09-01,-0.13277522,0.009134968,0.009864172351351657
1930-10-01,-0.08958721,0.011696538,0.006622368041214279
1930-11-01,-0.020837031,0.0052051125,0.004484377382323146
1930-12-01,-0.07546251,0.011212629,0.00393391197608055
1931-01-01,0.05642639,0.010289773,0.002244626345271443
1931-02-01,0.10370763,0.015977046,0.0033734131090265387
1931-03-01,-0.07183148,0.011414668,0.0054210501162297265
1931-04-01,-0.098867886,0.009726482,0.0038759995205327868
1931-05-01,-0.14891693,0.012008761,0.0018614135344750156
1931-06-01,0.1358055,0.014418049,-0.0010381699942697126
1931-07-01,-0.07926946,0.02033956,0.0015437860911676907
1931-08-01,0.0071500717,0.011058267,4.72444721877023e-05
1931-09-01,-0.33921918,0.00933869,0.00017638678493147548
1931-10-01,0.073638,0.018314585,-0.005884248384973034
1931-11-01,-0.107371636,0.026300965,-0.004489121227443479
1931-12-01,-0.14968826,0.021595227,-0.006262957684470919
1932-01-01,-0.020178247,0.02446231,-0.008693894990956632
1932-02-01,0.04989653,0.02570728,-0.008885300861826788
1932-03-01,-0.12889285,0.023504477,-0.007921664277091622
1932-04-01,-0.23138931,0.021141581,-0.009872812496107672
1932-05-01,-0.2652212,0.03966832,-0.013388947439601733
1932-06-01,0.0021663506,0.029203082,-0.017323826516076224
1932-07-01,0.33042663,0.04361562,-0.017023977637290955
1932-08-01,0.33758557,0.030661384,-0.01175957444039258
1932-09-01,-0.030274743,0.021985762,-0.006545467830415982
1932-10-01,-0.15353273,0.016579434,-0.006894427762531182
1932-11-01,-0.0538434,0.023527948,-0.009019620527607807
1932-12-01,0.059548963,0.019959796,-0.009659960253962449
1933-01-01,0.013743737,0.02564105,-0.008685186688958759
1933-02-01,-0.1980145,0.015271368,-0.00837367386298461
1933-03-01,0.038202584,0.032782193,-0.010971493368381506
1933-04-01,0.34624186,0.028189573,-0.010306978812189522
1933-05-01,0.16011545,0.0128534855,-0.005552994273602963
1933-06-01,0.12843294,0.0024553088,-0.003373146314468039
1933-07-01,-0.088747084,0.008316298,-0.0016613789023710536
1933-08-01,0.1160441,0.01101425,-0.002777862302863445
1933-09-01,-0.12591986,0.012616004,-0.0012737868730969067
1933-10-01,-0.09519221,0.011661343,-0.002831862831953913
1933-11-01,0.10295286,0.01562231,-0.003972114017808143
1933-12-01,0.026140055,0.01004314,-0.0026681509164230128
1934-01-01,0.10868133,0.004745325,-0.002321064101913607
1934-02-01,-0.033891212,0.00824025,-0.000999607046001724
1934-03-01,0.0051457062,0.004530667,-0.001386567106580033
1934-04-01,-0.026020478,0.0119820945,-0.001310610439801632
1934-05-01,-0.081852496,0.007910603,-0.0015946319112661242
1934-06-01,0.023694653,0.017393148,-0.002506653090346266
1934-07-01,-0.12776293,0.01654386,-0.002212256391982684
1934-08-01,0.056894515,0.013730726,-0.0036072638610170947
1934-09-01,-0.0003200192,0.013691554,-0.002942409151448653
1934-10-01,-0.03330524,-0.0017164802,-0.002913904912850779
1934-11-01,0.08245648,0.009051722,-0.003240693450695084
1934-12-01,-0.0007802263,0.00856437,-0.0023290214247684527
1935-01-01,-0.04339379,0.00527112,-0.0023127183183341434
1935-02-01,-0.03763573,0.014745788,-0.002740646155871218
1935-03-01,-0.032155152,0.008346662,-0.0031003892750565694
1935-04-01,0.09201417,0.010568982,-0.0033968664499056736
1935-05-01,0.037330657,0.013921813,-0.0024331185950267347
1935-06-01,0.06805386,0.010502854,-0.0020354808366391808
1935-07-01,0.080382615,0.011032608,-0.001341527001701738
1935-08-01,0.026123153,0.008982796,-0.0005403099200396123
1935-09-01,0.025109557,0.008408531,-0.0002814413475559898
1935-10-01,0.06923948,0.010506127,-3.729712849375434e-05
1935-11-01,0.050536085,0.01100135,0.0006224817230499216
1935-12-01,0.03891496,0.008219659,0.0010933647720793368
1936-01-01,0.069267474,0.009446585,0.0014468376235340103
1936-02-01,0.022111494,0.008973297,0.0020748064799355
1936-03-01,0.023645828,0.010859126,0.002258629302084104
1936-04-01,-0.08096545,0.010751754,0.0024530583770353007
1936-05-01,0.05154771,0.014152952,0.0017015402664656977
1936-06-01,0.031821806,0.014007332,0.0021465953520549063
1936-07-01,0.07056849,0.0074517103,0.002409207835521516
1936-08-01,0.013921246,0.009794401,0.003007096249667372
1936-09-01,0.004608441,0.010044623,0.0031020018990839953
1936-10-01,0.07341065,0.006417169,0.0031149884443007537
1936-11-01,0.010413498,0.008739756,0.0037158060864680726
1936-12-01,-0.0039373483,0.013596388,0.0037725661847724627
1937-01-01,0.03599436,0.015027378,0.0037077769877764733
1937-02-01,0.018211326,0.0073267394,0.003976831832551398
1937-03-01,-0.0037161545,0.009529903,0.00409447227716292
1937-04-01,-0.08418837,0.0033653001,0.004030450746287271
1937-05-01,-0.006016262,0.01762606,0.003313224545937425
1937-06-01,-0.055901136,-0.0014262494,0.003237986752215112
1937-07-01,0.094091624,0.006583335,0.0027648737682029606
1937-08-01,-0.052836128,-0.0025718524,0.00348968924640397
1937-09-01,-0.15056948,-0.006065723,0.0030461788776983308
1937-10-01,-0.10878723,0.009077915,0.001846056514295924
1937-11-01,-0.08825554,0.009688057,0.0009884341293223953
1937-12-01,-0.047113407,0.0122443205,0.0003019420242008682
1938-01-01,0.0120866615,0.015990121,-6.0007208069601584e-05
1938-02-01,0.06368816,0.017888457,3.2013009662147276e-05
1938-03-01,-0.29317713,0.014016118,0.000510630648604181
1938-04-01,0.13346763,0.02101813,-0.0016810690415953633
1938-05-01,-0.04089074,0.017350657,-0.0006799675705325272
1938-06-01,0.22595559,0.0027898708,-0.0009756350028670995
1938-07-01,0.07207877,0.013457217,0.0006807973008453302
1938-08-01,-0.026141306,0.019531297,0.0011981739282972462
1938-09-01,0.016788285,0.013727153,0.0010014870195656264
1938-10-01,0.07579763,0.014990891,0.0011142498638946562
1938-11-01,-0.026659599,0.010645301,0.0016439192431338184
1938-12-01,0.04443523,0.009347961,0.0014445986951255358
1939-01-01,-0.07311923,0.00780062,0.0017452324745473224
1939-02-01,0.038637795,0.014063012,0.0012253403700823481
1939-03-01,-0.1449177,0.013442964,0.0014833572954902874
1939-04-01,-0.006531938,0.004138564,0.00048061035021705785
1939-05-01,0.067247346,0.0074025053,0.0004329059398131204
1939-06-01,-0.06390279,-0.00073893793,0.0008843548594332124
1939-07-01,0.10543951,0.014695637,0.0004495418210195115
1939-08-01,-0.06993975,0.0044758613,0.0011494749186870953
1939-09-01,0.16660547,0.009433569,0.0006786853665584661
1939-10-01,-0.017134259,0.011403438,0.0017703089665462215
1939-11-01,-0.04137423,0.015045051,0.0016467497019048512
1939-12-01,0.027790248,0.023918858,0.0013673926980307253
1940-01-01,-0.036591373,0.01897278,0.0015378627347789945
1940-02-01,0.013054419,0.018124448,0.0012934445545304185
1940-03-01,0.013468886,0.018976562,0.0013683552217557077
1940-04-01,-0.0044900654,0.009688105,0.001444940858290684
1940-05-01,-0.26328868,0.0052124322,0.0014076137749782804
1940-06-01,0.079971924,0.02177588,-0.00024673804073245266
1940-07-01,0.03255431,0.01507252,0.0002515145211613604
1940-08-01,0.034707148,0.00053503126,0.000450914492112021
1940-09-01,0.014219849,0.008667595,0.0006610754315964192
1940-10-01,0.040633176,0.0026973344,0.0007437508824429043
1940-11-01,-0.02987175,0.014090232,0.0009855049711680322
1940-12-01,0.0029257159,0.017622938,0.0007996178892755275
1941-01-01,-0.046630498,0.01677194,0.0008123490149378331
1941-02-01,-0.0046412167,0.01670917,0.0005299511159093873
1941-03-01,0.008930897,0.012682833,0.0004993524896972896
1941-04-01,-0.06426525,0.01445117,0.000548949812347179
1941-05-01,0.013193904,0.0050222795,0.0001699193973061547
1941-06-01,0.057183415,0.010131035,0.0002456402404742792
1941-07-01,0.05553877,0.0014764623,0.0005747603240417521
1941-08-01,-0.0014105715,-0.0039037648,0.0008906454360380169
1941-09-01,-0.007477139,0.008579378,0.0008774956249232803
1941-10-01,-0.06688103,0.014907502,0.0008300261093113063
1941-11-01,-0.025235761,0.012818036,0.0004474777652024381
1941-12-01,-0.03961439,0.0068573947,0.00030318990721252194
1942-01-01,0.021935431,0.013212836,8.01866642568864e-05
1942-02-01,-0.018007599,0.010785626,0.00020160468993708492
1942-03-01,-0.066314586,0.008030071,0.00010100135564268952
1942-04-01,-0.03883043,0.011065433,-0.00026391945129444636
1942-05-01,0.06787636,0.009476064,-0.00047466540683691944
1942-06-01,0.022967251,0.005807855,-0.00010319243554714258
1942-07-01,0.03519612,0.0015826899,2.151266420008363e-05
1942-08-01,0.014933426,0.009312894,0.00021062346590903177
1942-09-01,0.031634662,0.0071204384,0.00028935502990482643
1942-10-01,0.06536605,0.017393213,0.0004560853877263342
1942-11-01,-0.0046996195,0.015943276,0.0007995243649929762
1942-12-01,0.055645503,0.008995795,0.0007705815026144449
1943-01-01,0.06962714,0.012633801,0.0010578847570705632
1943-02-01,0.056552857,0.01149426,0.0014150163127245226
1943-03-01,0.057402756,0.012482771,0.0017007046072729356
1943-04-01,0.0032836164,0.012278799,0.001987828583859829
1943-05-01,0.051058337,0.00934022,0.001994473649523197
1943-06-01,0.021158164,0.010681176,0.0022447994834154236
1943-07-01,-0.05485118,0.00984205,0.0023408064117588973
1943-08-01,0.015799746,0.015787836,0.002051957986421055
1943-09-01,0.026828712,0.021011187,0.00212104234788286
1943-10-01,-0.012018348,0.015164299,0.0022445806954056024
1943-11-01,-0.06970362,0.011892097,0.0021736208507003476
1943-12-01,0.06764837,0.009689078,0.0018177929076154044
1944-01-01,0.018148815,0.010841794,0.00214208148217994
1944-02-01,0.0061591403,0.014927482,0.002220545863440516
1944-03-01,0.020786162,0.011966392,0.002239758519046917
1944-04-01,-0.012707879,0.012242019,0.00232978960616713
1944-05-01,0.047384836,0.015942406,0.002257143864903041
1944-06-01,0.052833147,0.010410821,0.0024741039221855598
1944-07-01,-0.019961992,0.012352645,0.002715056283069712
1944-08-01,0.014293048,0.011385004,0.0026070703375374988
1944-09-01,-0.0009901932,0.018473953,0.0026624541160301858
1944-10-01,0.002237048,0.012790597,0.0026452246474602944
1944-11-01,0.016881593,0.019509709,0.002643308325172205
1944-12-01,0.04350638,0.012039429,0.0027098423637075472
1945-01-01,0.011629771,0.009817056,0.0028995937023441804
1945-02-01,0.066863246,0.0113425935,0.0029400111918760187
1945-03-01,-0.042783942,0.012733838,0.0032345883120151776
1945-04-01,0.08645467,0.012463717,0.0030234941359344493
1945-05-01,0.019541888,0.015676739,0.003404458396277097
1945-06-01,0.0020772172,0.012501006,0.003477810347050598
1945-07-01,-0.021975351,0.012392121,0.003471472821560819
1945-08-01,0.057827435,0.012110831,0.003356847486790135
1945-09-01,0.045017518,0.011364838,0.0036011102130102
1945-10-01,0.030054647,0.011521234,0.00378600489109106
1945-11-01,0.043669082,0.012306348,0.0039027544136883484
1945-12-01,0.010868537,0.012569162,0.004078711616390476
1946-01-01,0.0668913,0.01175246,0.004108622742484484
1946-02-01,-0.06769054,0.009114091,0.004383985351938591
1946-03-01,0.047651764,0.01618611,0.004069249449179846
1946-04-01,0.034825847,0.014900456,0.00425873864290264
1946-05-01,0.028083399,0.005846352,0.004391063785369939
1946-06-01,-0.036227696,0.008981573,0.004493185919649289
1946-07-01,-0.028030928,0.015658204,0.0043184181876168804
1946-08-01,-0.071645595,0.014411621,0.004180173117480376
1946-09-01,-0.1102376,-0.0151076,0.0038575102738600143
1946-10-01,-0.00595592,-0.0013854938,0.003374056423465737
1946-11-01,-0.0041071936,0.0024370225,0.0033346894339615096
1946-12-01,0.045457043,-0.0028818357,0.003303421018038634
1947-01-01,0.021471322,-0.010057174,0.003479796004380298
1947-02-01,-0.008644676,-0.000654962,0.0035547606942903562
1947-03-01,-0.015423745,0.007953278,0.003504140625700076
1947-04-01,-0.040663723,0.014350786,0.003425926222631415
1947-05-01,-0.0012904453,-0.002474246,0.003244487337342659
1947-06-01,0.052283008,0.010539126,0.0032259015477125027
1947-07-01,0.038507212,0.012460212,0.0034261346338506863
1947-08-01,-0.02365047,0.0131003605,0.0035687406392147145
1947-09-01,-0.010279587,0.0075132516,0.0034585414088598872
1947-10-01,0.019771272,0.014753394,0.0034031457316520955
1947-11-01,-0.01838708,0.0015008772,0.003468881179784316
1947-12-01,0.029715978,0.020478383,0.0033814573381096124
1948-01-01,-0.039270274,0.008708264,0.0034863757455639867
1948-02-01,-0.04176136,0.0013810861,0.0033167064991883105
1948-03-01,0.07759373,-0.00043459664,0.0031385323191024804
1948-04-01,0.029455006,0.00604351,0.0034316630143026903
1948-05-01,0.079867445,0.017321292,0.003533715340217539
1948-06-01,0.006841055,0.005037794,0.003831893971437239
1948-07-01,-0.054616876,0.0055863913,0.0038436027696711313
1948-08-01,0.014620811,0.012431603,0.0036170117668951896
1948-09-01,-0.028291347,0.010852433,0.0036594974772436507
1948-10-01,0.06729611,0.018497478,0.0035366096157723893
1948-11-01,-0.1039066,0.0082928445,0.0037808988896337733
1948-12-01,0.03491896,0.018700793,0.003369877895141262
1949-01-01,0.002276495,0.0107355025,0.003489836382931063
1949-02-01,-0.03315086,-0.0012584521,0.0034852403932194593
1949-03-01,0.03251584,0.011878623,0.0033469909608785835
1949-04-01,-0.019866366,0.0178411,0.0034566482833649657
1949-05-01,-0.030761043,-0.00092573423,0.0033692961701711687
1949-06-01,0.00073898764,0.006981954,0.003241944159798102
1949-07-01,0.05984157,0.012792986,0.003232639488724292
1949-08-01,0.020666182,0.017616361,0.003442302192518212
1949-09-01,0.02615121,0.02702069,0.0035058589447272523
1949-10-01,0.028445592,0.011919064,0.003589113912098315
1949-11-01,0.019628258,0.007181246,0.0036801632829334572
1949-12-01,0.04892338,0.014878545,0.003738368009718434
1950-01-01,0.018608872,0.010340038,0.003902677146675573
1950-02-01,0.018510798,0.01175654,0.0039559604608086
1950-03-01,0.0072570485,0.010883926,0.004008505000633655
1950-04-01,0.0438687,0.008190094,0.004020190408927381
1950-05-01,0.044933822,0.007229011,0.004163016601654243
1950-06-01,-0.056744795,0.007954875,0.004308626620955432
1950-07-01,0.01583795,0.011308292,0.004091354656850197
1950-08-01,0.045941334,0.01394732,0.004133009252506672
1950-09-01,0.05676928,0.0036513517,0.0042807418495571315
1950-10-01,0.00406764,0.0035414917,0.004465560651585971
1950-11-01,0.020982867,0.004878324,0.004464164438142785
1950-12-01,0.05284887,0.004364926,0.00452192213978143
1951-01-01,0.061978687,0.0053313104,0.004690308723954049
1951-02-01,0.013146008,0.0032220837,0.004889226702693527
1951-03-01,-0.018634079,-0.00069187774,0.004917796881455335
1951-04-01,0.04684279,0.008100173,0.004836583516263435
1951-05-01,-0.031737745,0.004140005,0.004980934745211257
1951-06-01,-0.027389264,0.0047214543,0.004855185842631091
1951-07-01,0.06733749,0.013032092,0.004745136526669138
1951-08-01,0.04770051,0.0069538513,0.004958035690245871
1951-09-01,0.0015667337,0.0072311284,0.005102925431733098
1951-10-01,-0.014608787,0.0051602894,0.005090978838042419
1951-11-01,0.009726901,0.0120416945,0.005024649658881642
1951-12-01,0.03986979,0.01082416,0.005040429024480521
1952-01-01,0.01641468,0.0009521171,0.005156915178358941
1952-02-01,-0.027062869,0.0026391733,0.0051944410597207025
1952-03-01,0.050263498,0.012459257,0.005087273917663718
1952-04-01,-0.04340165,0.012889422,0.005236864063560358
1952-05-01,0.031945318,0.01473525,0.005076340911256782
1952-06-01,0.045422204,0.012892883,0.005164725704258001
1952-07-01,0.017450446,0.00718323,0.005296717435846746
1952-08-01,-0.0071850116,0.0043192804,0.0053364355039091935
1952-09-01,-0.019754501,0.0014666809,0.005295649031139243
1952-10-01,-0.0012787726,0.012512004,0.0052143173750003125
1952-11-01,0.058170926,0.01394926,0.005193304138832264
1952-12-01,0.036508206,0.005185385,0.005364199692661303
1953-01-01,-0.007828084,0.005803594,0.00546434119293598
1953-02-01,-0.009167291,0.0081077665,0.005421737266610412
1953-03-01,-0.023941197,0.013200804,0.005375126951943916
1953-04-01,-0.027434189,0.0141990315,0.005281762864513346
1953-05-01,0.005774033,-0.002998997,0.005177902700268619
1953-06-01,-0.016071353,0.013688266,0.005179789187895028
1953-07-01,0.024171464,0.0029682047,0.005112750884123464
1953-08-01,-0.05289744,0.0015575822,0.005172683944692835
1953-09-01,0.00048904883,0.0072240606,0.0049906459435905244
1953-10-01,0.048190944,0.0069274707,0.00497657845262438
1953-11-01,0.022182968,0.009629982,0.005111202644039166
1953-12-01,0.0009088594,0.0026311649,0.005164220547361403
1954-01-01,0.050809305,0.019205892,0.005151046054717442
1954-02-01,0.011737853,0.009589927,0.005291966607515344
1954-03-01,0.029373478,0.012334309,0.00531180010499576
1954-04-01,0.046427358,0.011595455,0.005385608933337512
1954-05-01,0.04099063,0.013384382,0.00551111886914341
1954-06-01,0.0019670795,0.012328999,0.005619288105219489
1954-07-01,0.05644192,0.012196485,0.005608187167123979
1954-08-01,-0.026730921,0.012471896,0.005762228787044119
1954-09-01,0.078773305,0.009585518,0.005664062171012411
1954-10-01,-0.018931191,0.008678619,0.005884270733208339
1954-11-01,0.090757556,0.012056202,0.00580974982585758
1954-12-01,0.052267734,0.008758074,0.0060640845756593
1955-01-01,0.01711882,0.008179472,0.006202005917109104
1955-02-01,0.012639606,0.0070967674,0.006234496437952787
1955-03-01,-0.0031421077,0.0066570435,0.00625350269888326
1955-04-01,0.038067356,0.014157601,0.006225705034851741
1955-05-01,0.0054099155,0.0064041973,0.006319633208058642
1955-06-01,0.076765,0.010111982,0.006316957567640416
1955-07-01,0.055049967,0.0060884682,0.006523550069847218
1955-08-01,-0.0016497116,0.006582889,0.006665440177890793
1955-09-01,0.009628022,0.005789087,0.0066411977527940065
1955-10-01,-0.032542583,0.006209278,0.0066498803816800725
1955-11-01,0.0823865,0.012553948,0.006536279039700394
1955-12-01,-0.0020086046,0.0055763624,0.006755499334769011
1956-01-01,-0.037487738,0.006160352,0.006730242551140681
1956-02-01,0.038368378,0.0122941015,0.0066031793891131105
1956-03-01,0.06606881,0.011842672,0.0066941971497017794
1956-04-01,-0.002139081,0.004961925,0.006863838909859104
1956-05-01,-0.062083542,0.004264132,0.0068381895653457725
1956-06-01,0.035874728,0.013270569,0.0066423891905949195
1956-07-01,0.04815314,0.0121658975,0.0067252003490165
1956-08-01,-0.035537224,0.0020936774,0.006842228426140243
1956-09-01,-0.046716843,0.0029898514,0.006722849686170968
1956-10-01,0.004799802,0.01647319,0.0065727381904222325
1956-11-01,-0.0044187256,0.013703788,0.006567771982203345
1956-12-01,0.033639375,0.0019057764,0.00653708344143321
1957-01-01,-0.04346915,-0.0045724544,0.006612577290121144
1957-02-01,-0.027932122,0.0010330392,0.006473461382039305
1957-03-01,0.021153372,0.007364819,0.006378155055912495
1957-04-01,0.043192126,0.007761043,0.0064189705717279605
1957-05-01,0.035501935,-0.001351934,0.006520274029813768
1957-06-01,-0.003306878,0.0055913157,0.00659989397640207
1957-07-01,0.007305651,0.0038375868,0.006572752135282714
1957-08-01,-0.053236727,0.0038660537,0.006574754591120275
1957-09-01,-0.062119503,0.012128535,0.006411780527734505
1957-10-01,-0.042200614,0.0057400805,0.006225554214957494
1957-11-01,0.020527711,0.008158313,0.0060943179873643605
1957-12-01,-0.040934186,0.006208976,0.006133327158042104
1958-01-01,0.042117245,0.01334093,0.006006460544600521
1958-02-01,-0.01700658,0.012972353,0.006103532547156216
1958-03-01,0.03131631,-0.0053514144,0.006041575141435854
1958-04-01,0.032061182,0.013018515,0.006109154646852636
1958-05-01,0.020286437,-0.0014421364,0.00617836005302767
1958-06-01,0.02651577,0.01243768,0.0062158815345994415
1958-07-01,0.04272122,0.009377296,0.006269727394464043
1958-08-01,0.017140163,0.0060765133,0.006366159912893578
1958-09-01,0.049189925,0.0049599456,0.006394587361959047
1958-10-01,0.025103942,0.007506453,0.006507206672042804
1958-11-01,0.026419716,0.011088523,0.0065560169998321715
1958-12-01,0.051597413,0.010910389,0.0066080162117589285
1959-01-01,0.0041124662,0.004524987,0.006725481998870835
1959-02-01,0.00458979,0.006540961,0.006718677270328044
1959-03-01,0.0014462039,0.0076185833,0.006713147693035471
1959-04-01,0.037071206,0.010538719,0.006699502760957
1959-05-01,0.02135713,0.006594791,0.006777982613449623
1959-06-01,-0.0029278502,0.0067616515,0.006815557736248143
1959-07-01,0.031421337,0.0065194583,0.0067905104149894304
1959-08-01,-0.013638721,0.0067799967,0.006853666381301501
1959-09-01,-0.04603819,0.0043547475,0.00680125618378496
1959-10-01,0.009396449,0.013964488,0.006666461673710134
1959-11-01,0.015325629,0.003322485,0.0066734082056636
1959-12-01,0.026602888,0.00390412,0.006695368157304956
1960-01-01,-0.07588966,0.004669269,0.0067457669429315985
1960-02-01,0.01052944,-0.0016875701,0.00653709161755008
1960-03-01,-0.015545474,0.00042721946,0.00654714791044377
1960-04-01,-0.019735066,0.0028794545,0.0064916388092482995
1960-05-01,0.031062579,0.010975828,0.00642590771894902
1960-06-01,0.018869417,-0.0033894372,0.006487499396607746
1960-07-01,-0.025614576,0.008293397,0.006518376996088076
1960-08-01,0.029685814,0.005060384,0.006438444276161918
1960-09-01,-0.06220256,-0.00072564656,0.006496130056949633
1960-10-01,-0.002679305,0.005912919,0.006326083790356441
1960-11-01,0.04285226,0.009620363,0.006303848262680809
1960-12-01,0.046385635,0.0025927157,0.006393868981670185
1961-01-01,0.060737375,0.013903214,0.006492128848276703
1961-02-01,0.030414091,0.003414131,0.006625082883378947
1961-03-01,0.027528515,0.0098732915,0.006683246718439522
1961-04-01,0.0025317227,0.0074629285,0.006734088836408152
1961-05-01,0.02157842,0.011627767,0.006723864101170316
1961-06-01,-0.02883048,0.005867819,0.006759918848384913
1961-07-01,0.031243332,0.013354238,0.006673743548920292
1961-08-01,0.022630781,0.00824048,0.006733090380276441
1961-09-01,-0.020245505,0.006763127,0.0067713980683608045
1961-10-01,0.026091693,0.0131298555,0.006706453588636718
1961-11-01,0.04233876,0.007779255,0.006752940973242392
1961-12-01,0.0031901135,0.0064849816,0.006838074508490727
1962-01-01,-0.039973967,0.004795712,0.0068293681575501055
1962-02-01,0.017983766,0.010783556,0.0067179316458004035
1962-03-01,-0.0058453945,0.010088925,0.00674469134800198
1962-04-01,-0.06572618,0.010967642,0.006714857021463655
1962-05-01,-0.08541616,0.005719208,0.0065436016068624306
1962-06-01,-0.08650726,0.00404323,0.006326715375421973
1962-07-01,0.061164573,0.009707153,0.006108282490304726
1962-08-01,0.018742181,0.010189965,0.006237522608484688
1962-09-01,-0.052349318,7.3352276e-05,0.006266807523595313
1962-10-01,0.006177864,0.008380538,0.006129853959711024
1962-11-01,0.10030336,0.007230481,0.006129965871314156
1962-12-01,0.013412641,0.006141648,0.006348973763077845
1963-01-01,0.046845123,0.0007930067,0.006365362783027445
1963-02-01,-0.026984263,0.008549495,0.006459065932075545
1963-03-01,0.033629473,0.009283445,0.006381829606108884
1963-04-01,0.0456067,0.008158685,0.006444612195262522
1963-05-01,0.016982166,0.0079001365,0.006534639980654693
1963-06-01,-0.02118247,0.008310152,0.006558602196516879
1963-07-01,-0.004119017,0.012563105,0.006495121482054296
1963-08-01,0.049393117,0.013333859,0.006470888288804334
1963-09-01,-0.012951338,0.007912471,0.0065686610203283015
1963-10-01,0.0315408,0.0075193746,0.006524297386799431
1963-11-01,-0.0073959134,0.0071940394,0.0065810241498361404
1963-12-01,0.02303961,0.007625191,0.006549402119273666
1964-01-01,0.024125803,0.007858769,0.0065866260630084925
1964-02-01,0.013881274,0.0065757646,0.006626128714357561
1964-03-01,0.014486621,0.006805925,0.006642432410657154
1964-04-01,0.0030757156,0.008321182,0.006660020277749814
1964-05-01,0.013784307,0.007957322,0.006652001699097288
1964-06-01,0.015321875,0.007920409,0.006667922023552819
1964-07-01,0.01573792,0.0083243875,0.006687195860896932
1964-08-01,-0.014683548,0.0063326308,0.006707308579288009
1964-09-01,0.027150989,0.004812274,0.006659878741282797
1964-10-01,0.005915853,0.009381842,0.006705213055082605
1964-11-01,-0.0012970817,0.0067912466,0.006703470538834945
1964-12-01,0.0023205678,0.0058377855,0.006685848177066031
1965-01-01,0.031103302,0.008174009,0.006676254154356954
1965-02-01,0.000946899,0.0074823564,0.006729822241284542
1965-03-01,-0.015280663,0.0056806705,0.006717168142294605
1965-04-01,0.03139709,0.0109105185,0.006669137943215774
1965-05-01,-0.0062200823,0.006170764,0.006723011475718886
1965-06-01,-0.05110967,0.0050407597,0.006694874315365703
1965-07-01,0.010892134,0.007304703,0.006569484844849265
1965-08-01,0.024091855,0.00029224754,0.006578841228647867
1965-09-01,0.02953074,0.015166254,0.006616666311720994
1965-10-01,0.02530759,0.006265037,0.006666050089953733
1965-11-01,-0.0069225198,0.0070813247,0.006706139423398762
1965-12-01,0.006802916,0.0030051444,0.006676893373636545
1966-01-01,0.002399193,0.00413708,0.006677163229498422
1966-02-01,-0.016624777,0.003561469,0.006668022267234862
1966-03-01,-0.026803458,0.0065989536,0.006618357450787677
1966-04-01,0.018125238,0.009134899,0.006547247204914728
1966-05-01,-0.053782675,0.0074539795,0.006571828926129428
1966-06-01,-0.018576013,-0.0009109034,0.0064439592135417025
1966-07-01,-0.015996967,0.005931805,0.006391062866527209
1966-08-01,-0.07784035,0.00089666614,0.006343830737038731
1966-09-01,-0.010351168,0.0009556049,0.006166600881659083
1966-10-01,0.0432064,-0.0063847997,0.006131899686546863
1966-11-01,0.0066676172,0.0006306576,0.006209624008313642
1966-12-01,-0.0036620756,-0.0017641993,0.006210582153155628
1967-01-01,0.07224654,-0.0029018582,0.00618997117660508
1967-02-01,0.0031911589,0.005793417,0.0063275890212632175
1967-03-01,0.03672273,0.0038216424,0.0063210683764663295
1967-04-01,0.038563445,0.008985559,0.006384142364990701
1967-05-01,-0.051135916,0.0028097865,0.006450766180405744
1967-06-01,0.015841171,0.014583862,0.006331785431556011
1967-07-01,0.042707123,0.0091908,0.006351392412409378
1967-08-01,-0.009938567,0.008321073,0.0064261984421417435
1967-09-01,0.030165475,0.0051957546,0.006392595227793418
1967-10-01,-0.031028682,0.005846196,0.006441310145076341
1967-11-01,0.002526937,0.0009728311,0.0063646843935199204
1967-12-01,0.02312629,0.009645932,0.006356852256089487
1968-01-01,-0.046076816,0.008996335,0.006391005895585163
1968-02-01,-0.03126045,0.020949999,0.006284363982026329
1968-03-01,0.0057608425,0.0037797482,0.006208208173869506
1968-04-01,0.07694813,0.003088195,0.006207302575275822
1968-05-01,0.011946674,0.015306445,0.006350213335003854
1968-06-01,0.0053812144,0.0060655144,0.006361496522708143
1968-07-01,-0.02188465,0.009274903,0.006359524124136131
1968-08-01,0.011498133,0.014016558,0.006302808915067606
1968-09-01,0.03440431,0.008351415,0.0063132203856197545
1968-10-01,0.0042625344,0.0040375385,0.006369402567506768
1968-11-01,0.04780354,0.0031686027,0.006365197241894656
1968-12-01,-0.045878157,0.00016110056,0.00644774374098005
1969-01-01,-0.011869427,-0.0007070853,0.006343716105273101
1969-02-01,-0.04852759,0.0067213457,0.006307578916935849
1969-03-01,0.029667037,-0.0031202459,0.0061989944221885265
1969-04-01,0.01792518,-0.007919168,0.006245373952199738
1969-05-01,-0.0014433967,0.006903118,0.0062684110459720966
1969-06-01,-0.06068185,0.00017442173,0.00625323032211846
1969-07-01,-0.065506056,-0.002317497,0.0061217272179137205
1969-08-01,0.039429203,-0.0030515078,0.005981280584248952
1969-09-01,-0.029218761,0.00016659769,0.006046736400475117
1969-10-01,0.039652556,-0.0049747773,0.005977858475375797
1969-11-01,-0.035565373,-0.006889543,0.006043501160961719
1969-12-01,-0.022251306,-0.015912311,0.005962550044779988
1970-01-01,-0.084773675,0.002544715,0.005907765858087833
1970-02-01,0.051833905,0.0031569172,0.005732026632379762
1970-03-01,-0.0033747999,-0.00071110396,0.005821198544656854
1970-04-01,-0.098709606,-0.0074669463,0.0058034456519969165
1970-05-01,-0.061229903,0.0024639613,0.005602071757418479
1970-06-01,-0.055558767,0.0059212465,0.005473548728556265
1970-07-01,0.06702102,-0.00038157552,0.005356404168290871
1970-08-01,0.043394092,0.0018594953,0.005474535615778425
1970-09-01,0.028825525,-0.0041013616,0.005547039548578863
1970-10-01,-0.01445649,0.0047269333,0.005591464139506014
1970-11-01,0.048372947,0.00047858423,0.0055532775600884285
1970-12-01,0.052433398,0.009558005,0.0056346837751445195
1971-01-01,0.037746966,-0.0025072289,0.005723485888703859
1971-02-01,0.009439271,0.010403187,0.005784136419000181
1971-03-01,0.035031516,0.009726672,0.005791045936059545
1971-04-01,0.03330749,0.014895594,0.005846216634491388
1971-05-01,-0.04065373,0.0023084998,0.005897932778320428
1971-06-01,-0.0004587751,0.013150833,0.005810429649650736
1971-07-01,-0.045380123,0.003098872,0.005798667539448406
1971-08-01,0.03718831,0.010741513,0.005702827107802222
1971-09-01,-0.009741733,0.010427714,0.005761678478023403
1971-10-01,-0.044650592,-0.0046746484,0.005732754203156436
1971-11-01,-0.0007973687,-0.0013353789,0.00563893046737796
1971-12-01,0.08053768,0.001839551,0.005626967086021349
1972-01-01,0.0152169,-0.00046204924,0.005765947994602419
1972-02-01,0.026876569,0.0032606928,0.005783449757641561
1972-03-01,0.0047964584,0.004664333,0.005822438887099248
1972-04-01,0.002768678,0.001973036,0.005820545934186217
1972-05-01,0.018885259,0.0040019425,0.005814925551051737
1972-06-01,-0.023361495,0.009377796,0.0058389518985410074
1972-07-01,0.00034892705,0.0110976985,0.0057853730973240775
1972-08-01,0.035577282,0.0102514485,0.0057754162364236795
1972-09-01,-0.006181194,0.0038490382,0.005829898624125888
1972-10-01,0.0074270056,0.0034450279,0.00580798057192617
1972-11-01,0.045083817,0.009740342,0.005810929615625633
1972-12-01,0.009874372,0.007881394,0.00588233486558734
1973-01-01,-0.02058504,-3.26611e-05,0.005889579941714673
1973-02-01,-0.038795475,0.005028438,0.005841618674373645
1973-03-01,-0.005182212,0.009866167,0.00576090060278039
1973-04-01,-0.045473948,0.006725724,0.005741147691550386
1973-05-01,-0.019234743,-0.0023681028,0.005648868239635753
1973-06-01,-0.010280502,0.00053843245,0.005604113543216849
1973-07-01,0.033296786,-0.0044151335,0.005575595382405395
1973-08-01,-0.038427703,-0.014236577,0.005625274935929191
1973-09-01,0.03437744,-0.00028566792,0.005546468177398797
1973-10-01,-0.0064670322,0.002806042,0.005597952057100234
1973-11-01,-0.11989406,0.001380931,0.005576445846220747
1973-12-01,0.01222607,0.0039450033,0.005353188722807039
1974-01-01,-0.014532753,-0.0018001694,0.005365396327699732
1974-02-01,-0.004292215,-0.00950053,0.005330115920618004
1974-03-01,-0.027844822,-0.0018794729,0.005313085246031725
1974-04-01,-0.043961447,-0.0074845827,0.0052545023709782415
1974-05-01,-0.03474044,-0.009921933,0.005167701755275841
1974-06-01,-0.0203749,-0.001184506,0.005097440941362563
1974-07-01,-0.08578314,-0.009235834,0.0050526740860524595
1974-08-01,-0.0927296,-0.005214022,0.0048933130106888715
1974-09-01,-0.1309899,-0.0052953796,0.004722344689682818
1974-10-01,0.14731969,-0.0020614397,0.004485085530660825
1974-11-01,-0.051853754,0.006003891,0.0047343605810314755
1974-12-01,-0.02356981,-0.0030544302,0.00463577501621026
1975-01-01,0.1095711,0.004611409,0.004586721826142267
1975-02-01,0.05949875,0.008813926,0.004768986370335269
1975-03-01,0.01943551,0.008642494,0.004863838646423711
1975-04-01,0.044146013,0.010492568,0.004889049150563686
1975-05-01,0.045532506,0.005784383,0.004956850468982108
1975-06-01,0.040793322,0.013720153,0.005026808495689505
1975-07-01,-0.07183527,0.009997776,0.005088368759942586
1975-08-01,-0.02057243,0.0109505765,0.004956197555863404
1975-09-01,-0.037570007,0.012492855,0.004912409173224064
1975-10-01,0.05755733,0.0029815766,0.004839665309664768
1975-11-01,0.024061799,0.0069596944,0.004929780975008049
1975-12-01,-0.014637026,0.007082461,0.004962429470015506
1976-01-01,0.10866516,0.0113615785,0.004929040278406462
1976-02-01,-0.010465642,0.0041315574,0.005105462252141806
1976-03-01,0.028724397,0.009921019,0.00507902574163335
1976-04-01,-0.013648495,0.00870517,0.00511910264139553
1976-05-01,-0.012344351,0.010659063,0.00508734697689556
1976-06-01,0.039328,0.012218041,0.005057901541059019
1976-07-01,-0.011516826,0.009887902,0.005115692603282479
1976-08-01,-0.0030902682,0.008966293,0.005087691729830308
1976-09-01,0.019935394,0.012274236,0.005073947259303214
1976-10-01,-0.024807364,0.007342844,0.005098882572133182
1976-11-01,-0.005132159,0.012142824,0.005048788357190663
1976-12-01,0.048391677,0.0063988212,0.005031763361245207
1977-01-01,-0.054916963,0.0105480235,0.0051041505299897275
1977-02-01,-0.01935713,0.016367154,0.005004115340804371
1977-03-01,-0.016072672,0.004597301,0.004963580822880486
1977-04-01,-0.003153003,0.0010116723,0.00492863688154604
1977-05-01,-0.018967351,0.0018935633,0.004915234493593659
1977-06-01,0.04298047,3.487655e-05,0.0048756937892253304
1977-07-01,-0.019562617,-0.0032284274,0.004938676890008891
1977-08-01,-0.0165776,-0.005226755,0.0048982457120644645
1977-09-01,-0.005220693,-6.848629e-05,0.004862865406821929
1977-10-01,-0.047177404,0.0026410448,0.00484628060669485
1977-11-01,0.031202786,0.0027925328,0.0047608558369543535
1977-12-01,0.0005670034,0.0024466766,0.004804203262911407
1978-01-01,-0.06744452,-0.0056129717,0.00479726840222922
1978-02-01,-0.021281678,0.0020323005,0.004679226267244363
1978-03-01,0.021984316,0.0001700692,0.004636875688946133
1978-04-01,0.07993711,0.00243611,0.004665128849727384
1978-05-01,0.00824126,0.00016986896,0.0047875223115344
1978-06-01,-0.021806026,0.010482785,0.004793129029249857
1978-07-01,0.05002085,0.011516393,0.004750018567488358
1978-08-01,0.027502175,0.008410286,0.004823272341966303
1978-09-01,-0.010757737,0.009593802,0.0048599103113985435
1978-10-01,-0.10001912,0.0039307442,0.004834720557893536
1978-11-01,0.01964097,0.015183156,0.004665873794225547
1978-12-01,0.009517622,-0.0014932557,0.004689949510171351
1979-01-01,0.034043767,-0.008626008,0.0046976985834781115
1979-02-01,-0.03673893,0.0022117966,0.004744727538565759
1979-03-01,0.048501752,0.003996825,0.004678353689052165
1979-04-01,-0.003896083,0.0053190454,0.004748359118170215
1979-05-01,-0.024931232,-6.543481e-05,0.004734572129171086
1979-06-01,0.031361796,0.012654309,0.0046873335883386175
1979-07-01,0.003910606,0.009085405,0.004729741318662176
1979-08-01,0.052361,0.0060186335,0.004728441103546333
1979-09-01,-0.0062515135,0.005431804,0.004803928519117981
1979-10-01,-0.0760736,0.0039056826,0.004786435731125206
1979-11-01,0.042771913,0.0022203217,0.004658694755496372
1979-12-01,0.008322534,0.015251734,0.00471881024186185
1980-01-01,0.050048836,0.0052839154,0.004724485397624864
1980-02-01,-0.0053615696,-0.0020685638,0.00479575009916253
1980-03-01,-0.11146938,0.002776357,0.004779804542366842
1980-04-01,0.029488774,0.0064970828,0.004597595788291758
1980-05-01,0.041550152,0.014448353,0.004636549118852334
1980-06-01,0.02121955,0.010528325,0.00469422662336001
1980-07-01,0.05989352,0.013534125,0.00472000715858194
1980-08-01,0.008074347,0.007684774,0.004805947207690527
1980-09-01,0.021177193,0.006481145,0.00481103025546984
1980-10-01,0.010181245,0.007800511,0.0048364435518898
1980-11-01,0.09482377,0.0052137487,0.004844730066373771
1980-12-01,-0.040663116,0.005588574,0.0049840165062478795
1981-01-01,-0.057353523,0.00822184,0.00491346452450682
1981-02-01,0.010700659,0.008693002,0.00481737349494964
1981-03-01,0.02693197,0.0020504282,0.004826438649649371
1981-04-01,-0.032444395,0.010861825,0.004860447158571333
1981-05-01,-0.0042233896,0.0042278585,0.0048031432533739695
1981-06-01,-0.019728681,0.014124438,0.004789298877907072
1981-07-01,-0.012699938,-0.0049618934,0.004751752201106918
1981-08-01,-0.06946569,-0.013866359,0.004725067658935152
1981-09-01,-0.064506926,-0.005243533,0.0046117993276068615
1981-10-01,0.038483426,-0.0011042679,0.004506435417591469
1981-11-01,0.03086926,0.0016472432,0.004558150776126103
1981-12-01,-0.038076025,0.004318473,0.004598137264962289
1982-01-01,-0.024151716,-0.0069458853,0.004533381329048057
1982-02-01,-0.05972473,0.0023022755,0.004489919059789937
1982-03-01,-0.015991231,0.0026184735,0.004392771331245381
1982-04-01,0.030957697,0.004122534,0.004361979786293958
1982-05-01,-0.04119081,0.0024165825,0.0044020939901749274
1982-06-01,-0.026450044,0.0041154204,0.004333429977386147
1982-07-01,-0.029961023,0.004480704,0.004287139039759741
1982-08-01,0.10946884,0.0021199998,0.004235715372313105
1982-09-01,0.0028739923,0.0033263932,0.004393486173947745
1982-10-01,0.10274442,0.020061698,0.00439121148254148
1982-11-01,0.038851667,0.009383973,0.004538226746174441
1982-12-01,0.010419541,0.0045379605,0.004589440836397403
1983-01-01,0.028003925,0.017600093,0.0045981295103201675
1983-02-01,0.018528251,0.0025016037,0.004632959563813139
1983-03-01,0.02867457,0.013647775,0.004653606356403902
1983-04-01,0.066709965,0.0026303562,0.00468924576958962
1983-05-01,-0.012781164,0.0030409952,0.0047811283172901585
1983-06-01,0.029426696,0.0070936005,0.004755148595404266
1983-07-01,-0.03841603,0.010485342,0.0047915910580092315
1983-08-01,0.00836279,0.004066578,0.004727863000773146
1983-09-01,0.006440115,0.006064065,0.004733216353700344
1983-10-01,-0.02076796,0.013267577,0.0047357264990055496
1983-11-01,0.015998766,0.006923078,0.004698276150699503
1983-12-01,-0.012742208,0.0035768985,0.004714845783654819
1984-01-01,-0.011181109,0.007999277,0.004689286407226449
1984-02-01,-0.042193767,-0.0014135303,0.004666084075266256
1984-03-01,0.010077145,-0.0028883643,0.004597675534012816
1984-04-01,-0.0005163648,-0.00149134,0.004605663098760069
1984-05-01,-0.06266084,-0.0067858766,0.0045982074540507
1984-06-01,0.014911097,-0.00091123214,0.0045004472061030585
1984-07-01,-0.021337701,-0.004299478,0.004515557001947719
1984-08-01,0.09838924,-0.0019627376,0.004478088512078629
1984-09-01,-0.008325746,0.0014327288,0.004613994662016468
1984-10-01,-0.005238763,0.0134698935,0.004595295614408157
1984-11-01,-0.019839063,0.01465392,0.0045811050535551935
1984-12-01,0.01796532,0.009570202,0.004545917491105141
1985-01-01,0.06767908,0.00821984,0.0045652259846398835
1985-02-01,0.0075915777,0.007818829,0.004655906805620079
1985-03-01,-0.0064234496,0.0051617348,0.00466011867205742
1985-04-01,-0.009887721,0.014938724,0.004644239634404861
1985-05-01,0.053676274,0.010564289,0.004623449990593793
1985-06-01,0.009363929,0.0062381052,0.004693525452998334
1985-07-01,-0.008810454,0.009210177,0.0047001879399552
1985-08-01,-0.01267188,0.008692923,0.004680942011197122
1985-09-01,-0.039300278,0.011244123,0.004656258053252285
1985-10-01,0.038111366,0.01548126,0.004593819792055662
1985-11-01,0.06294448,0.0075373896,0.004641362411260658
1985-12-01,0.040954776,0.0066950037,0.004723944729781069
1986-01-01,-0.0017800234,0.0069543286,0.004775190601603535
1986-02-01,0.06815853,0.004814481,0.004765931824695761
1986-03-01,0.04904118,0.011591411,0.004855343105195272
1986-04-01,-0.019421984,0.015039706,0.004917576680825629
1986-05-01,0.048666988,0.005543163,0.0048833438254232645
1986-06-01,0.010729377,-0.0016269322,0.004944837707084384
1986-07-01,-0.06444833,0.0099426145,0.004952950665641049
1986-08-01,0.06659445,0.010897376,0.004855749996885115
1986-09-01,-0.091499016,0.009507931,0.004942097831387203
1986-10-01,0.050509512,0.017141584,0.004807403538761109
1986-11-01,0.01998608,0.0012858514,0.00487114427639808
1986-12-01,-0.031787902,0.0064879204,0.004892195718918089
1987-01-01,0.121903196,0.013009711,0.004841180283819767
1987-02-01,0.036739584,0.00274534,0.005003766416727255
1987-03-01,0.021708295,0.00589906,0.005047782807353879
1987-04-01,-0.01378019,0.0007826774,0.0050708583086584574
1987-05-01,0.0046982253,0.0025086992,0.005044784936615952
1987-06-01,0.04513069,0.0037115563,0.005044306263080618
1987-07-01,0.043849256,0.0007952321,0.005099597825058575
1987-08-01,0.033775125,-0.0009512408,0.005152972009720553
1987-09-01,-0.026873251,-0.0017954056,0.005192342233502061
1987-10-01,-0.2475811,0.0020578403,0.005148296088369174
1987-11-01,-0.09139836,-0.009959208,0.004801616540232313
1987-12-01,0.067821614,0.0019642513,0.004669835752718253
1988-01-01,0.03793068,-0.0009892454,0.004756226694840739
1988-02-01,0.043462835,-0.0037447992,0.00480154698429619
1988-03-01,-0.035925332,-0.0065787635,0.004854290897349381
1988-04-01,0.0060747014,0.002406075,0.004798732827384563
1988-05-01,0.003388638,0.0069419174,0.0048004688390967795
1988-06-01,0.04149116,0.0014253071,0.004798550590551357
1988-07-01,-0.009358009,-0.0029308456,0.004848337032499861
1988-08-01,-0.038116556,0.0034484805,0.004829087240689593
1988-09-01,0.0359692,0.018041307,0.004770974056790198
1988-10-01,0.020353958,0.006690143,0.004813133823572079
1988-11-01,-0.020545572,0.007099488,0.004834106595754402
1988-12-01,0.012696231,0.004356139,0.004799902177104511
1989-01-01,0.06352564,0.0074639735,0.004810529806454382
1989-02-01,-0.030833509,0.004256078,0.004889447964610211
1989-03-01,0.016697116,0.0053646313,0.00484149768704786
1989-04-01,0.043739755,0.007867062,0.004857389937060069
1989-05-01,0.033523347,0.0050860615,0.00490944129551999
1989-06-01,-0.013494753,0.006665895,0.004947695180457483
1989-07-01,0.07914865,0.012353595,0.004923072418829648
1989-08-01,0.012679944,0.004795625,0.005022039855830372
1989-09-01,-0.011380776,0.00077464845,0.005032236798518845
1989-10-01,-0.030402875,0.008178158,0.00501041098385108
1989-11-01,0.01349612,0.014048303,0.004963381388156636
1989-12-01,0.015530772,0.0073904,0.004974698018225834
1990-01-01,-0.0761392,0.0031726852,0.004988679572606817
1990-02-01,0.007607462,0.01562761,0.004881367566884451
1990-03-01,0.020558814,-0.0028438964,0.004884968748281721
1990-04-01,-0.031184725,-0.012778295,0.00490564664384709
1990-05-01,0.08608567,-0.003890526,0.0048580967464726
1990-06-01,-0.013549869,0.006842831,0.00496497513193294
1990-07-01,-0.010740168,0.009087602,0.004940645507648196
1990-08-01,-0.10196717,0.012526456,0.004920067011716035
1990-09-01,-0.056777474,0.0033293685,0.00477997888871963
1990-10-01,-0.009588568,-0.0023065493,0.004699406307007805
1990-11-01,0.055784583,-0.0018243432,0.004680729217011652
1990-12-01,0.021921623,-0.005208533,0.004747444430947323
1991-01-01,0.038034815,-0.011268703,0.00476983579870124
1991-02-01,0.063938335,0.004485626,0.004813149574147246
1991-03-01,0.019269748,0.0035323808,0.004890035380402238
1991-04-01,-0.002122921,0.0025591478,0.004908710331414137
1991-05-01,0.036748055,0.004886865,0.004899590187096043
1991-06-01,-0.051109962,0.0030895683,0.004940844675673201
1991-07-01,0.041288726,0.008051869,0.0048683339294364235
1991-08-01,0.018721065,0.005359662,0.0049153886995944905
1991-09-01,-0.0215932,0.007158744,0.004933202474888774
1991-10-01,0.008780766,0.00866485,0.004899018966489635
1991-11-01,-0.045231972,0.0047103353,0.004904014780276013
1991-12-01,0.10414551,0.012973194,0.004839572638026642
1992-01-01,-0.022313248,0.01007863,0.004967051379165022
1992-02-01,0.009393652,0.0011949822,0.00493207663590184
1992-03-01,-0.022458125,0.003087952,0.004937789280375373
1992-04-01,0.024814144,0.008429287,0.004902756142029848
1992-05-01,0.0016433857,0.0030145713,0.004928185755867478
1992-06-01,-0.017940182,0.0022636096,0.004923995959926492
1992-07-01,0.036910046,0.008431441,0.004894869618272041
1992-08-01,-0.023930766,0.007824793,0.0049356013947017205
1992-09-01,0.0086795585,0.0015981429,0.004898922402219991
1992-10-01,0.002191891,0.0066883233,0.004903720163794584
1992-11-01,0.030934302,0.0017958608,0.004900283117911982
1992-12-01,0.010993919,0.0020196587,0.004933237572365641
1993-01-01,0.0044575413,0.0058488906,0.004940899622634844
1993-02-01,0.011141928,0.006950958,0.0049402893216918325
1993-03-01,0.018780822,0.0067133936,0.0049481097991081495
1993-04-01,-0.027322501,0.0033698012,0.004965531350915749
1993-05-01,0.023524001,0.009852063,0.004924917473815053
1993-06-01,0.0012664099,0.0049839993,0.004948283156939319
1993-07-01,-0.007097447,0.009405548,0.004943663491592877
1993-08-01,0.03434938,0.010509023,0.00492857438092001
1993-09-01,-0.010105754,0.010228924,0.004965396413232231
1993-10-01,0.017088348,0.0041020163,0.0049465574749046936
1993-11-01,-0.010895299,0.0054018153,0.004961715765255555
1993-12-01,0.010073777,0.0017733224,0.004941943926653102
1994-01-01,0.030586008,0.005298876,0.004948334752757144
1994-02-01,-0.03003253,0.006729778,0.004980222406027959
1994-03-01,-0.04653047,0.00025180765,0.004936728303129813
1994-04-01,0.010042158,0.0006971233,0.004872873218073775
1994-05-01,0.013482059,-0.003773903,0.004879278775369183
1994-06-01,-0.02816689,-0.011093218,0.004889925781033454
1994-07-01,0.02909121,0.0037759987,0.004849064451088606
1994-08-01,0.037712257,-0.00795138,0.004878993024819611
1994-09-01,-0.02792439,0.00429342,0.004919477937681056
1994-10-01,0.018674789,-0.0036054547,0.004879029823829571
1994-11-01,-0.040716153,0.0048924484,0.0048959987773015854
1994-12-01,0.011156031,0.018320939,0.0048399641932530615
1995-01-01,0.021277398,0.0074603264,0.004847713968390885
1995-02-01,0.03428885,0.0045039686,0.004867848384938221
1995-03-01,0.024916084,0.004658332,0.004903859402437215
1995-04-01,0.024386656,0.00428296,0.004928324225274413
1995-05-01,0.034647655,0.0045733238,0.004952082871567454
1995-06-01,0.018487291,0.007191457,0.004988296983604569
1995-07-01,0.028175024,0.0049419566,0.0050047391205436205
1995-08-01,-0.000996016,0.0022257213,0.005032926815428257
1995-09-01,0.03654892,0.0100242,0.005025601247042635
1995-10-01,-0.0077367118,0.005114754,0.005063857701810493
1995-11-01,0.0385429,0.010536964,0.005048341860035152
1995-12-01,0.013295016,0.005368445,0.00508889217283712
1996-01-01,0.029378118,0.0053260117,0.005098814934721845
1996-02-01,0.0057486543,0.003231656,0.005128137764502947
1996-03-01,0.005651893,-1.0916116e-05,0.005128886276548245
1996-04-01,0.011124268,0.0017204148,0.0051295164052441895
1996-05-01,0.020356787,0.0008515906,0.00513673030628983
1996-06-01,-6.970966e-05,0.0007936353,0.005155023644105173
1996-07-01,-0.049449746,0.0029589538,0.005148751455262241
1996-08-01,0.01720309,0.010632963,0.0050832856314961565
1996-09-01,0.050434444,0.005743131,0.005097800368120027
1996-10-01,0.022056822,0.0043333904,0.005152030803205606
1996-11-01,0.06948668,0.005301507,0.005172227686037754
1996-12-01,-0.02411067,0.0039549125,0.005248975239690021
1997-01-01,0.056298666,0.0022919548,0.005213981622872562
1997-02-01,0.0032302178,0.0010243593,0.00527479672296717
1997-03-01,-0.046434637,0.0010815634,0.00527236559469283
1997-04-01,0.05423281,0.0048891525,0.005210955852704942
1997-05-01,0.05529801,0.0012558576,0.0052691075179954715
1997-06-01,0.038267236,0.0010258703,0.005328383470876973
1997-07-01,0.07362892,0.0001097004,0.005367364361684166
1997-08-01,-0.060829386,0.0021270744,0.0054480517765479715
1997-09-01,0.04839646,0.0024418992,0.005369802145034841
1997-10-01,-0.037543904,0.0015160165,0.0054205411291939455
1997-11-01,0.04108804,0.0046607456,0.005369935186713996
1997-12-01,0.013112184,0.0005945642,0.005411956487574464
1998-01-01,0.0071301726,0.0006004329,0.005421004933135797
1998-02-01,0.06519797,-0.00027319937,0.005423010998436464
1998-03-01,0.046173126,0.000307348,0.005493087148488538
1998-04-01,0.0073244404,-0.00087898417,0.0055407218538245555
1998-05-01,-0.02211876,-0.0006897678,0.00554280807435198
1998-06-01,0.03616095,0.0057600797,0.005510493158058507
1998-07-01,-0.014253071,-0.002142976,0.005546257984732446
1998-08-01,-0.15844941,0.0011916704,0.005523181844216466
1998-09-01,0.056973636,-0.0023633847,0.005332294075605955
1998-10-01,0.07247344,0.00017514863,0.005392342147785902
1998-11-01,0.05710968,0.008412216,0.005470252826585233
1998-12-01,0.054862335,0.0017825485,0.005530159354659693
1999-01-01,0.038116604,-0.0016471046,0.005587322942110015
1999-02-01,-0.0359551,-0.0023671547,0.005624972573067916
1999-03-01,0.034745574,0.00047674254,0.005576903123559626
1999-04-01,0.03258102,-0.0025183451,0.005610585191543389
1999-05-01,-0.027125578,-0.0038625342,0.0056416929596576505
1999-06-01,0.049606103,0.0009749536,0.0056039426470616506
1999-07-01,-0.034678057,-0.0053749927,0.005654578044993754
1999-08-01,-0.00879529,-0.0003662115,0.005608218694555683
1999-09-01,-0.032374196,0.0033110273,0.005591681944901708
1999-10-01,0.058368515,0.0034801462,0.0055481430943289676
1999-11-01,0.016713811,-0.0017279746,0.005608647529757302
1999-12-01,0.05710638,-0.002871064,0.005621353666547772
2000-01-01,-0.055294245,-0.0033277827,0.005680193695979791
2000-02-01,-0.021705842,-0.0030791662,0.005610588171804596
2000-03-01,0.08964573,-0.003698546,0.005579440589344616
2000-04-01,-0.036788717,-0.0038968162,0.005675188069845243
2000-05-01,-0.027141856,0.0017621143,0.0056268787353946
2000-06-01,0.020894608,0.002094166,0.005589641536797981
2000-07-01,-0.016874647,-0.00031938739,0.0056070138023964445
2000-08-01,0.055920806,0.0061814156,0.005581524391318928
2000-09-01,-0.058483258,-0.0030902275,0.005638533770017411
2000-10-01,-0.00921555,0.007817664,0.005565997806601387
2000-11-01,-0.08708732,0.0024789032,0.0055492954931861856
2000-12-01,0.0006166639,-0.0016222202,0.0054447394956755905
2001-01-01,0.026879275,-0.005080678,0.005439296343924308
2001-02-01,-0.100740656,-0.0026255609,0.005463440464277605
2001-03-01,-0.06962282,-0.00085475954,0.005343975788550999
2001-04-01,0.07075856,0.0023537485,0.0052597434313662395
2001-05-01,0.0029540944,-0.0050698216,0.005333255008670831
2001-06-01,-0.02801026,-0.008475796,0.005330587788299992
2001-07-01,-0.01215979,-0.0006315257,0.005293252012149881
2001-08-01,-0.0685372,-0.00016396595,0.005273729593889755
2001-09-01,-0.0868682,-0.0014348106,0.005191259283721043
2001-10-01,0.016555458,-0.002888056,0.005088514355138939
2001-11-01,0.07364246,-0.0022427486,0.005101298016178099
2001-12-01,0.0073107374,-0.0021551074,0.005177624479959626
2002-01-01,-0.015922397,-0.0073033306,0.0051799972418173695
2002-02-01,-0.021071257,-0.0027427603,0.005156550136687454
2002-03-01,0.035582285,0.004903647,0.005127440472751389
2002-04-01,-0.06423896,-0.013359023,0.005161204158895127
2002-05-01,-0.009329455,-0.00692644,0.005084349051232185
2002-06-01,-0.075422384,0.0066963634,0.005068404577753676
2002-07-01,-0.0781694,-0.0028710472,0.004979464480049139
2002-08-01,0.0055363188,-0.004076498,0.004887688693636527
2002-09-01,-0.116776206,-0.0006198744,0.00488840383152297
2002-10-01,0.08349345,0.001216472,0.004754411970916327
2002-11-01,0.05594493,0.00012614197,0.004841033573581863
2002-12-01,-0.061830778,-0.0017162716,0.004897191702360403
2003-01-01,-0.02803903,-0.00035382537,0.004823944754635623
2003-02-01,-0.016366977,0.0055498234,0.004787910790287641
2003-03-01,0.009357619,0.009384966,0.004764740047642621
2003-04-01,0.07852307,0.0023256168,0.004769765079427825
2003-05-01,0.05088112,-0.0065541114,0.004850369783843895
2003-06-01,0.011838924,0.000382197,0.004900621695987747
2003-07-01,0.016771654,0.0009720041,0.004908188001815173
2003-08-01,0.01871064,0.002940617,0.004921111167027894
2003-09-01,-0.011497845,-0.000223904,0.004936116094297466
2003-10-01,0.05327175,0.008269947,0.004918253093171149
2003-11-01,0.008517634,0.0016437744,0.004970754177598589
2003-12-01,0.049784213,0.0007569673,0.004974601118971652
2004-01-01,0.01810058,0.0012136999,0.0050231489111553455
2004-02-01,0.01359755,0.0015831221,0.005037301975321359
2004-03-01,-0.015693154,0.0021611408,0.005046556297370321
2004-04-01,-0.016602239,0.007119855,0.005024159201815914
2004-05-01,0.012738267,0.011432625,0.0050008297543056605
2004-06-01,0.018702682,0.005227402,0.005009167509915015
2004-07-01,-0.03430476,0.0026289853,0.00502390756868549
2004-08-01,0.00280326,0.009344085,0.0049816186784003656
2004-09-01,0.009662488,0.004247456,0.00497927887315486
2004-10-01,0.01375966,0.012394559,0.004984303775162333
2004-11-01,0.038659636,0.006339506,0.004993709301237441
2004-12-01,0.031674743,0.002694387,0.0050297541905629396
2005-01-01,-0.025707005,0.002651851,0.005058251504475353
2005-02-01,0.019330721,0.009972863,0.0050253826411246075
2005-03-01,-0.01898906,0.0047736755,0.005040649811570071
2005-04-01,-0.021209264,0.00712735,0.005015031783973417
2005-05-01,0.029391179,0.009155875,0.004987103886254485
2005-06-01,-0.0006786021,0.0011075985,0.00501306566814279
2005-07-01,0.034381665,0.012353702,0.005007017137058483
2005-08-01,-0.011599336,0.003156819,0.005038200415351842
2005-09-01,0.0050421027,0.009701363,0.0050205572167995255
2005-10-01,-0.018689875,0.0061552622,0.005020580040355387
2005-11-01,0.034878768,0.011411533,0.004995489612207243
2005-12-01,-0.0031552068,0.0039099744,0.005027078701440458
2006-01-01,0.022901613,0.0101576075,0.005018438484442335
2006-02-01,-0.0010668369,0.003309086,0.005037302592860936
2006-03-01,0.009433143,0.005782176,0.0050308704121753865
2006-04-01,0.008294686,-0.0008332185,0.005035504383152951
2006-05-01,-0.032322284,0.002737594,0.005038931492890697
2006-06-01,-0.002702044,0.012119937,0.004999686518807598
2006-07-01,0.0015625237,0.0028162166,0.004991604954684761
2006-08-01,0.01987098,0.004472566,0.004988010529842947
2006-09-01,0.021954011,0.006641132,0.005003594790766057
2006-10-01,0.027920483,0.006296586,0.0050213253518343525
2006-11-01,0.014131331,0.003657896,0.005045253415918331
2006-12-01,0.009484851,0.0041778344,0.005054737839163711
2007-01-01,0.011201964,0.0020943165,0.005059357352158877
2007-02-01,-0.023868829,0.004181813,0.005065755900500335
2007-03-01,0.0070383325,0.013347681,0.005035647071247039
2007-04-01,0.03875913,0.006754698,0.005037728864854802
2007-05-01,0.029489202,0.0055143163,0.00507274589717016
2007-06-01,-0.02085128,0.0034062718,0.005098074171576502
2007-07-01,-0.035689108,0.00816695,0.005071183648559088
2007-08-01,0.010985257,0.012541822,0.005028988729591935
2007-09-01,0.032593854,0.0055775316,0.005035148262554135
2007-10-01,0.014016146,0.0031708702,0.005063617999650346
2007-11-01,-0.04545542,0.003263903,0.005072856934470404
2007-12-01,-0.009533037,0.004987963,0.005020765928839893
2008-01-01,-0.06581722,0.010335157,0.0050057774598796685
2008-02-01,-0.034021996,-0.0016916312,0.004932914291711923
2008-03-01,-0.004704949,0.0001720571,0.0048928784127259236
2008-04-01,0.045785993,0.00014327458,0.004883024380494827
2008-05-01,0.011107972,0.0036936137,0.004924976143527788
2008-06-01,-0.08827172,-0.008244505,0.004931311180155076
2008-07-01,-0.009035406,-0.0044368734,0.004835914011907698
2008-08-01,0.013350327,0.00048070858,0.004821730658416086
2008-09-01,-0.090644166,-0.008168842,0.004830442196628009
2008-10-01,-0.1841965,-0.01221811,0.004733019127168667
2008-11-01,-0.07715171,0.0062508993,0.004540430420647301
2008-12-01,0.011628616,-0.005751505,0.0044572408700103055
2009-01-01,-0.0862335,-0.00010490752,0.0044645362665514
2009-02-01,-0.10935738,0.010809492,0.004372363468855764
2009-03-01,0.083901025,0.003809164,0.004256901800992064
2009-04-01,0.08985094,-0.0045736753,0.004337676774170431
2009-05-01,0.053099483,-0.0013721251,0.004424316351714612
2009-06-01,0.00247693,-0.006647602,0.004473582714973576
2009-07-01,0.07173683,-0.014219714,0.004471563854715558
2009-08-01,0.034059856,0.003989574,0.004539508565461012
2009-09-01,0.0357786,0.0032476848,0.004569297008974138
2009-10-01,-0.018528767,0.0025865517,0.0046007580006208896
2009-11-01,0.058514163,0.005031844,0.004577465427679576
2009-12-01,0.018802127,0.004406096,0.004631727698776541
2010-01-01,-0.03650468,0.0039908593,0.004645969305983358
2010-02-01,0.029966487,0.01053325,0.004604653394603683
2010-03-01,0.059221286,0.0075399945,0.004630091542270002
2010-04-01,0.01575367,0.0037845431,0.004684792138246331
2010-05-01,-0.08360118,0.003506994,0.004695872095729831
2010-06-01,-0.055115998,0.009272016,0.004607575046895363
2010-07-01,0.06797913,0.00034967848,0.004547911137966106
2010-08-01,-0.046594296,-0.0036642193,0.0046112157447831615
2010-09-01,0.086426266,-0.0011014381,0.004560163390450655
2010-10-01,0.03789882,-0.0042434647,0.004641703332828433
2010-11-01,-0.00014999625,0.0050839544,0.004674794991097855
2010-12-01,0.06479783,0.008119554,0.0046699989759449445
2011-01-01,0.022981564,0.004187132,0.004729708841472206
2011-02-01,0.031892736,0.0037799976,0.004747815840223738
2011-03-01,0.00052980665,0.0033354615,0.004774718634743897
2011-04-01,0.02891497,0.0073129577,0.0047705157515941544
2011-05-01,-0.011374445,0.0027883137,0.004794397505959019
2011-06-01,-0.016688481,0.009291795,0.004778420389153944
2011-07-01,-0.020029252,0.012893818,0.004757228976160461
2011-08-01,-0.055851035,0.013268336,0.004732784714453169
2011-09-01,-0.07292879,-0.01040593,0.00467309622230092
2011-10-01,0.103467725,0.0023712395,0.004596716416690612
2011-11-01,-0.0027337333,0.0053042364,0.0046939347144297
2011-12-01,0.009385815,-0.00826102,0.004686638380454642
2012-01-01,0.04421782,0.0045862803,0.004691249937382817
2012-02-01,0.042427104,0.0014323186,0.004730001477846778
2012-03-01,0.032341335,0.006652343,0.004766923223673053
2012-04-01,-0.0060482537,0.0066166404,0.004793904057083164
2012-05-01,-0.061652023,0.011494779,0.004783305662367158
2012-06-01,0.04053318,0.010058519,0.004718427411383175
2012-07-01,0.014257872,0.013556518,0.0047533686346695305
2012-08-01,0.0224853,0.006233106,0.004762632282731111
2012-09-01,0.024709685,0.0030773643,0.004779889019455376
2012-10-01,-0.018101046,0.007837478,0.004799275980306373
2012-11-01,0.0052158507,0.010643256,0.004777021051402441
2012-12-01,0.008373999,0.012785711,0.0047774470995648795
2013-01-01,0.050935265,0.00808606,0.004780935510755261
2013-02-01,0.012926097,0.008078382,0.00482565869793167
2013-03-01,0.03689108,0.006598569,0.004833500361368288
2013-04-01,0.01943001,0.0057366434,0.004864503823725853
2013-05-01,0.022856781,0.0071909814,0.0048785767762132715
2013-06-01,-0.013693327,0.006604396,0.004895930255443933
2013-07-01,0.049428057,0.009315314,0.004878004259938024
2013-08-01,-0.029645106,0.005358528,0.004920923385820102
2013-09-01,0.031169156,0.009431332,0.004887654830276604
2013-10-01,0.045231458,0.009302982,0.00491292550410575
2013-11-01,0.030354602,0.0060284613,0.004951656082679782
2013-12-01,0.025619013,0.005811245,0.004976035109723638
2014-01-01,-0.035285268,0.0052716658,0.004995827035059447
2014-02-01,0.044743896,0.0102825565,0.004957243610716568
2014-03-01,0.008027691,0.006318484,0.00499531696183617
2014-04-01,0.006538577,0.0064772656,0.0049982159813698745
2014-05-01,0.023042472,0.006165872,0.0049996871952483505
2014-06-01,0.020429881,0.0076857945,0.005016903593038568
2014-07-01,-0.014068499,0.007172168,0.005031596612768371
2014-08-01,0.039009154,0.00876623,0.005013406045320499
2014-09-01,-0.014027933,0.008562341,0.005045752142178354
2014-10-01,0.023687229,0.009333137,0.00502762126308998
2014-11-01,0.02725518,0.00739429,0.005045341687873795
2014-12-01,-0.0024730554,0.008477671,0.005066413640124872
2015-01-01,-0.02987175,0.012793762,0.005059267223987263
2015-02-01,0.055444166,0.014842962,0.005026188608601869
2015-03-01,-0.015103485,0.007009784,0.005073887735806847
2015-04-01,0.009058844,0.010351119,0.0050548164946243755
2015-05-01,0.012442273,0.00911262,0.005058597446280183
2015-06-01,-0.019529464,0.0070605385,0.005065563178017466
2015-07-01,0.021076325,0.012819918,0.005042382191305572
2015-08-01,-0.061971154,0.0044727284,0.005057480066198088
2015-09-01,-0.024856376,0.0070276456,0.004994423966357883
2015-10-01,0.080150396,0.0072006555,0.004966368703672995
2015-11-01,0.0033643343,-0.0046330304,0.0050369640341219315
2015-12-01,-0.015367477,0.013214982,0.00503539496312237
2016-01-01,-0.05044637,0.009349276,0.0050162732460051745
2016-02-01,-0.0018415105,-0.0004892522,0.004964341933271171
2016-03-01,0.06496959,0.0146701215,0.0049579753734368395
2016-04-01,0.0035430063,0.0062295706,0.005014060996262037
2016-05-01,0.018221144,0.0029410394,0.005012687462424465
2016-06-01,0.0025764203,0.006809381,0.005025008783479225
2016-07-01,0.035717204,0.001004212,0.005022726781180058
2016-08-01,0.0010492394,0.008633564,0.0050513063691055345
2016-09-01,0.00024991878,0.010462905,0.005047583516130797
2016-10-01,-0.018323218,0.013344703,0.005043124719910494
2016-11-01,0.034964442,0.013787619,0.005021428950950549
2016-12-01,0.018918011,0.0075616427,0.005049205401138083
2017-01-01,0.018894644,0.008209275,0.0050620587894016425
2017-02-01,0.038301427,0.006807153,0.005074866739091198
2017-03-01,0.0012587036,0.0059194984,0.005105603612521562
2017-04-01,0.010234363,0.010307076,0.005102048252109972
2017-05-01,0.013945289,0.006946073,0.005106787231911435
2017-06-01,0.005183425,0.0072260452,0.005114940831288053
2017-07-01,0.019888846,0.0077032214,0.00511500395015381
2017-08-01,0.0015377399,0.007471964,0.005128607856464612
2017-09-01,0.018952051,0.0054273335,0.00512530439006613
2017-10-01,0.022973169,0.007288759,0.005138012797039985
2017-11-01,0.030007811,0.007084126,0.0051543903506160085
2017-12-01,0.010288617,0.0062550306,0.005177191654205538
2018-01-01,0.055537447,0.0074020056,0.005181876736687802
2018-02-01,-0.039486855,0.004910345,0.005227989896574843
2018-03-01,-0.02688911,0.00669654,0.005187079699717521
2018-04-01,0.0025636307,0.010259431,0.005157759599458144
2018-05-01,0.022122175,0.0066647367,0.005155390531966754
2018-06-01,0.0054176925,0.0058758375,0.005170871174274648
2018-07-01,0.035067905,-0.0006574621,0.005171096170902494
2018-08-01,0.030810384,0.0063567343,0.005198324594007839
2018-09-01,0.003528114,0.0043306537,0.005221629470701021
2018-10-01,-0.07236135,0.005057944,0.005220089911130013
2018-11-01,0.017659303,0.01289505,0.005149625387995918
2018-12-01,-0.0968236,-0.006992007,0.005160977182381487
2019-01-01,0.07636755,0.0024130517,0.005068516094351395
2019-02-01,0.029119821,0.010965699,0.005133098552235332
2019-03-01,0.017543355,0.009553907,0.005154805993604657
2019-04-01,0.0379281,0.007838331,0.005166007213323821
2019-05-01,-0.06737259,0.0067671095,0.0051956026003717164
2019-06-01,0.06514955,0.014430387,0.005130107841433275
2019-07-01,0.012696064,0.009919352,0.005184228170809923
2019-08-01,-0.018119046,0.007238408,0.0051909955905455165
2019-09-01,0.017016927,0.012226619,0.005170014454582323
2019-10-01,0.019591222,0.0086555565,0.005180668152717
2019-11-01,0.03407095,0.0074852672,0.005193615640078323
2019-12-01,0.028155617,0.0070540262,0.005219537843275271
2020-01-01,-0.0012890269,0.0056172153,0.005240108318228302
2020-02-01,-0.086715445,0.014919398,0.005234257838616866
2020-03-01,-0.13130796,0.018135935,0.005151939393888966
2020-04-01,0.12003557,-0.01333173,0.005029882239192662
2020-05-01,0.046711814,0.012662576,0.0051326576495147064
2020-06-01,0.02004571,0.0072410554,0.0051697818959512785
2020-07-01,0.05524956,0.010584768,0.005183052126844785
2020-08-01,0.069491364,0.0099134715,0.005227674683437937
2020-09-01,-0.03899676,0.0028999222,0.005284899696241494
2020-10-01,-0.026865004,0.008532013,0.005245503202025885
2020-11-01,0.10371933,0.010422179,0.005216960529285845
2020-12-01,0.040629197,0.008718074,0.005304440432300778
2021-01-01,-0.010202858,0.003930549,0.005335784493063644
2021-02-01,0.025769107,0.0045218626,0.005322009101078909
2021-03-01,0.042402185,0.0050050225,0.005340119905279674
2021-04-01,0.052501366,0.0030989845,0.005372918193416301
2021-05-01,0.00618881,0.0042224526,0.005414587908136898
2021-06-01,0.023405932,0.0040615774,0.0054152718498008
2021-07-01,0.024014333,0.00676574,0.005431150631830995
2021-08-01,0.030141156,0.00248603,0.0054475379181019015
2021-09-01,-0.047171276,0.0031465334,0.005469294409950968
2021-10-01,0.06813517,0.009422737,0.0054229558796053
2021-11-01,-0.0072824527,0.0052387654,0.0054781117426211945
2021-12-01,0.042466078,0.006799136,0.005466898592884429
2022-01-01,-0.053657137,0.0032991641,0.00549938250803868
2022-02-01,-0.029730607,0.00647802,0.00544749082438469
2022-03-01,0.03722353,0.015659157,0.00541665988867168
2022-04-01,-0.09175048,0.0016624775,0.005444511788130476
2022-05-01,0.0002739351,-0.0023297123,0.0053594767994841475
2022-06-01,-0.085512586,0.007428513,0.005355031395891376
2022-07-01,0.089026965,-0.00034102294,0.005275671031407648
2022-08-01,-0.041929014,0.007426684,0.0053487524399325114
2022-09-01,-0.09785309,-8.903499e-05,0.005307533811800819
2022-10-01,0.075292446,0.004148134,0.005217672643943161
2022-11-01,0.050451625,0.0047400068,0.005278660261937329
2022-12-01,-0.063478425,0.00485023,0.005317941100960445
2023-01-01,0.058562238,0.0069999197,0.005258170148531158
2023-02-01,-0.028058136,0.00051947305,0.005304441040563133
2023-03-01,0.0333995,0.011232738,0.005275505587898272
2023-04-01,0.011309856,-0.0018114509,0.005299876466897315
2023-05-01,0.0017980835,0.0051760925,0.005305079912049424
2023-06-01,0.06121245,0.002799739,0.005302046178163613
2023-07-01,0.027215905,0.0037514428,0.005350369777202265
2023-08-01,-0.020034093,0.0031139264,0.0053692519323925375
2023-09-01,-0.05322437,0.007651853,0.005347333601640018
2023-10-01,-0.025555277,0.010278321,0.005296840753807969
2023-11-01,0.08222605,0.014117904,0.005270267008763125
2023-12-01,0.039911665,0.00571755,0.0053364940189795824
